Trading Name,Trading Code,RIC,Mkt Cap ($M),Tot. Rev ($M),P/E,Yield (%),Sector,GTI Score,4-wk %Pr. Chg.,13-wk %Pr. Chg.,26-wk %Pr. Chg.,52-wk %Pr. Chg.,Net Profit %,ROE %,Price/CF,Debt/Equity,1-yr %Rev. Chg.,Price/Book Value
3Cnergy,502,CNER.SI,79.743,0.12,,,Real Estate,62,23.81,420,420,333.33,-32085.83,-59.58,,75.4,-54.89,0.4
8Telecom,AZG,ETEL.SI,7.902,0.802,,,Technology Equipment,57,0,0,0,115.63,-65.84,,,,-26.76,
A-Smart,BQC,ASMA.SI,39.905,7.119,,,Industrial & Commercial Services,28,0,-10.14,1.64,-15.07,-28.07,-15.77,,8.23,0.47,5.89
A-Sonic Aero,BTJ,ASON.SI,12.281,290.416,3.42,4.76,Transportation,61,-8.7,-33.33,-39.13,0,1.52,8.81,1.73,19.55,-6.33,0.33
AA,5GZ,AAGH.SI,14.247,23.9,,,Technology Equipment,54,0,-11.11,-11.11,14.29,-24.81,-10.26,,7.78,21.98,0.56
ABR,533,ABRH.SI,116.578,121.133,62.17,2.59,Food & Beverages,67,-10.77,-17.14,-17.14,-27.5,1.99,2.07,2.83,0.73,-3.1,1.6
Abterra,L5I,ABTR.SI,13.699,107.741,,,Energy - Fossil Fuels,-6,,,,,8.09,6.48,1.57,0.95,-67.62,
Abundance Intl,541,ABUN.SI,16.069,510.9,,,Industrial & Commercial Services,71,127.27,150,177.78,-21.88,-0.69,-12.58,,35.35,-12.8,
Accordia Golf Tr,ADQU,ACCO.SI,664.969,674.478,,7.83,Cyclical Consumer Services,77.7,6.14,-1.63,-13.57,3.42,-23.69,-16.47,,57.72,2.37,0.54
Accrelist Ltd,QZG,ACCR.SI,9.212,160.253,,,Technology Equipment,,10,-28.26,-58.75,-45,-1.14,-3.27,5.92,27.22,-0.39,0.69
Ace Achieve Info,A75,ACEA.SI,5.976,36.661,,,Technology Equipment,42,,,,,2.42,0.99,3.95,39.82,-33.16,0.13
Acesian Partners,5FW,ACES.SI,3.489,12.252,,,Industrial & Commercial Services,46,0,-46.15,-36.36,-56.25,-58.56,-74.24,,3.71,-40.36,0.45
Acma,AYV,ACMA.SI,4.281,90.408,,,Industrial Goods,62,-0.98,-0.98,-2.88,-46.84,-12.81,-49.73,,65.29,-10.15,0.35
Acromec,43F,ACRO.SI,6.928,31.564,,,Industrial & Commercial Services,46,-33.33,-16.67,-36.71,-46.81,-1.35,-6.59,24.69,49.23,0.39,2.28
Addvalue Tech,A31,AVAU.SI,48.631,6.593,,,Technology Equipment,46,18.18,0,4,18.18,-68.94,-63.67,,59.31,34.25,6.16
Advanced,BLZ,ADVA.SI,6.211,91.438,,,Energy - Fossil Fuels,61,20,-57.14,-53.13,-60.78,-3.19,-5.16,,15.21,48.05,0.34
Advanced Systems,5TY,ADSA.SI,22.324,13.711,,,Technology Equipment,51,0,0,0,0,-28.85,-100.52,,35.85,-15.52,3.65
Advancer Global,43Q,ADVN.SI,32.807,70.944,69.52,3.08,Industrial & Commercial Services,65,0,0,-16.13,-23.53,0.62,1.08,11.55,2.71,5.44,1.26
Adventus,5EF,ADVE.SI,11.704,0,,,Industrial Goods,50,20,0,50,50,,-5.68,,0,,1.12
AEI,AWG,AEIC.SI,51.959,9.076,,,Mineral Resources,61,0,0.56,-6.25,42.86,-64.51,-12.02,,5.23,-3.62,0.9
AEM,AWX,AEM.SI,845.172,323.13,15.82,1.67,Technology Equipment,79,24.9,43.66,70,253.76,16.33,47.14,14.36,0.29,23.18,2.48
AF Global,L38,AFGL.SI,110.842,28.266,,4.76,Cyclical Consumer Services,73,-8.7,-30,-27.08,-26.06,-1.31,-0.63,31.31,16.51,-16.59,0.4
AGV,1A4,AGVG.SI,4.091,12.197,,,Mineral Resources,44,10,0,-26.67,100,-44.53,,,,291.56,
AIMS APAC Reit,O5RU,AIMA.SI,897.461,118.86,10.36,6.29,Real Estate,82.9,10.43,-9.29,-11.19,-8.63,71.95,9.08,,53.57,0.66,1.06
AIMS Property,BVP,APW.AX,55.977,11.336,5.66,1.61,Real Estate,,0.8,-11.31,-14.92,-15.77,87.23,8.93,,0,-16.82,0.66
AliPictures HKD,S91,ALIB.SI,25212.693,3119.285,,,Cyclical Consumer Services,,0,0,-10.69,-24.03,-40.55,-8,,4.91,-5.25,
Alita Resources,40F,ALIT.SI,115.161,68.226,,,Mineral Resources,48,0,0,0,-55.68,-69.42,-43.51,,15,,6.13
Alliance HC,MIJ,ALLA.SI,40.954,40.302,28.22,,Healthcare Services,,0,-1.01,45.93,,4.35,,12.76,,,
Allied Tech,A13,ALLT.SI,19.474,129.84,,,Industrial Goods,30,0,0,0,0,-22.35,-33.15,,13.36,4.27,0.19
Alpha Energy,5TS,ALPH.SI,72.178,0.588,,,Energy - Fossil Fuels,56,0,0,0,-8.05,-23280.45,-265.33,,14.81,,0.57
Amara,A34,AMRA.SI,207.697,105.427,7.39,2.78,Cyclical Consumer Services,73,0,-11.11,-20.88,-22.58,26.73,7.02,5.29,83.9,1.22,0.59
Amcorp Global,S9B,AMCO.SI,79.991,81.992,,2.23,Real Estate,89,0,0.56,19.33,5.29,-39.1,-23.19,,155.98,-30.67,
AMOS,RF7,AMOS.SI,51.947,131.549,,,Industrial Goods,51,0,-42.86,0,-42.86,-25.52,-30.44,,41.92,33.52,0.87
Amplefield Ltd,AOF,AMPL.SI,29.72,7.137,19.53,,Real Estate,62,3.13,-25,26.92,106.25,22.5,2.34,18.01,4.92,-35.66,0.38
AMTD IB OV,HKB,,,,,,,,,,,,,,,,,
AnAn Intl,Y35,ANAN.SI,12.7,2340.01,,,Energy - Fossil Fuels,32,-25,50,50,0,-0.04,-3.65,1.23,95.29,-16.21,0.22
Anchor Resources,43E,ANCH.SI,6.221,1.531,,,Mineral Resources,57,-16.67,-37.5,-28.57,-44.44,-336.7,-188.58,,235.18,150.03,6.29
Anchun Intl,BTX,ANIH.SI,12.625,33.921,5.44,9.67,Industrial Goods,77,13.64,4.17,-5.66,31.58,6.79,4.01,2.85,0,53.77,0.16
AnnAik,A52,AAIK.SI,20.491,52.299,8.63,4.29,Mineral Resources,49,1.45,16.67,9.38,,6.65,3.75,3.26,58.67,-7.87,0.57
Annica,5AL,ANHL.SI,16.675,9.081,,,Energy - Fossil Fuels,44,0,0,0,0,-4.04,-10.63,,36.7,49.43,3.82
Aoxin Q & M,1D4,AOXI.SI,45.026,27.992,,,Healthcare Services,56,-11.94,-21.33,-34.44,-37.89,-9.58,-5.63,54.67,0.38,,1.8
AP Oil,5AU,AOIL.SI,26.16,62.841,11.14,4.72,Chemicals,67,4.61,-9.14,-8.09,-20.1,3.74,4.22,6.89,2.49,-19.82,0.57
APAC Realty,CLN,APAC.SI,127.871,365.112,9.13,5.56,Real Estate,80,4.35,-22.58,-28,-28.71,3.8,9.71,7.52,40.2,-13.06,1.1
ARA HTrust USD,XZL,ARAU.SI,218.427,,,,Real Estate,,-9.41,-48.67,-54.97,-55.49,,,,,,
ARA LOGOS Log Tr,K2LU,ARAL.SI,562.204,113.555,,8.45,Real Estate,79.8,-4.63,-24.82,-27.97,-29.45,-6.74,-1.69,,57.71,-6.57,0.92
Arion Ent,YYB,ARIO.SI,4.361,0.975,,,Cyclical Consumer Services,,0,-22.22,16.67,-22.22,-132.92,-60.6,,0,-6.25,
Artivision Tech,5NK,ARTT.SI,5.393,0,,,Holding Companies,41,-25,-25,-25,-40,,,,,,
Ascendas Reit,A17U,AEMN.SI,11324.928,924.115,19.5,,Real Estate,88.4,5.39,2.29,5.03,8.45,57.56,6.94,,60.38,5.39,1.17
Ascendas-iTrust,CY6U,AINT.SI,1628.177,197.552,4.66,0.42,Real Estate,77.2,11.81,-13.94,-8.39,10.08,171.05,29.46,4.81,76.69,6.98,1.22
Ascott Trust,HMN,ASCO.SI,2970.898,514.955,10.64,7.46,Real Estate,,7.26,-18.64,-28.89,-23.2,42.01,5.39,12.98,62.66,0.13,0.77
Asia Enterprises,A55,AEHL.SI,44.449,40.245,65.33,,Mineral Resources,80,0,-14.47,-13.33,-10.34,1.25,0.72,13.03,0,6.41,0.57
Asia Fashion,BQI,ASFN.SI,5.728,4.197,,,Cyclical Consumer Products,32,,,,,-73.14,-56.47,,29.25,2424.82,2.46
Asia Vets,5RE,ASIV.SI,9.725,3.808,12.92,,Healthcare Services,50,11.11,-24.73,-46.15,-61.11,20.22,4.06,8.38,0,160.98,
AsiaMedic,505,ASIM.SI,11.196,18.99,,,Healthcare Services,61,-9.09,-9.09,-18.03,-11.2,-3.1,-14.36,5.87,84.71,0.86,1.87
Asian Healthcare,1J3,ASAI.SI,79.728,12.205,20.88,7.03,Healthcare Services,,5.71,-3.65,-19.57,-19.57,23.49,15.68,27.47,0,12.35,5.49
Asian Micro,585,AMHL.SI,4.261,4.353,15.38,,Industrial & Commercial Services,45,0,-33.33,0,-20,6.14,17.98,12.64,73.07,-7.67,
Asian Pay Tv Tr,S7OU,ASIA.SI,227.601,298.722,10.23,9.52,Cyclical Consumer Services,63.2,-3.08,-21.25,-26.32,-25.88,6.04,1.61,2.15,142.06,-3.65,0.17
Asian Pay Tv Tr R,QXOR,,,,,,,,,,,,,,,,,
Asian Pay Tv Tr R1,ERZR,,,,,,,,,,,,,,,,,
AsiaPhos,5WV,ASIP.SI,24.757,1.193,,,Mineral Resources,51,20,-7.69,166.67,242.86,-359.35,-5.89,,8.73,-90.15,0.1
Asiatic,5CR,ATIC.SI,9.339,42.764,,,Industrial Goods,44,0,-14.29,0,20,-45.37,-39.02,,43.23,16.46,0.21
Asiatravel.com,5AM,ATVE.SI,13.107,94.353,,,Software & IT Services,34,,,,,-34.11,-144.67,,4.91,-33.58,0.98
ASL Marine,A04,ASLM.SI,17.058,271.961,,,Industrial Goods,84,-12.9,-28.95,-30.77,-34.45,-50.97,-65.2,,163.7,-9.5,0.09
Aspen,1F3,ASPE.SI,72.765,93.857,13.06,,Real Estate,66,-7.5,-7.5,-33.33,-48.25,7.56,4.24,7.24,40.6,-49.48,0.93
Aspial,A30,ASPA.SI,307.452,560.242,24.09,4.75,Real Estate,62,-0.63,-1.25,1.94,-8.14,3.31,4.1,6.58,377.21,-37.64,1.39
Astaka,42S,ASTA.SI,164.51,91.204,,,Real Estate,74,0,0,0,,-34.19,-58.79,,5.26,19.11,2.51
ASTI,575,ATIH.SI,22.505,65.206,3.13,75.76,Technology Equipment,54,32,-10.81,22.22,3.13,31.09,9.73,0.8,7.67,2.85,0.52
Atlantic Nav,5UL,ATLA.SI,17.799,114.284,3.15,,Energy - Fossil Fuels,46,-27.66,-8.11,0,,4.94,4.65,0.93,98.33,30.65,
AusGroup,5GJ,AUSG.SI,76.206,281.984,,,Energy - Fossil Fuels,39,4.17,-37.5,-10.71,-10.71,-0.84,-2.73,13.52,86.53,-11.24,0.89
Avarga,U09,AVAR.SI,143.472,1403.873,4.39,23.18,Applied Resources,65,13.53,-0.66,-10.12,-20.53,2.89,15.83,2.45,75.46,-10.73,0.82
Avi-Tech,BKY,AVTH.SI,67.452,33.724,11.09,5.19,Technology Equipment,83,4.05,-3.75,6.94,45.47,17.61,12.1,9.25,0.19,9.95,1.08
AVJennings A$,A05,AVJ.AX,170.617,354.643,7.07,6.43,Real Estate,,12,-21.5,-29.41,-27.59,6.74,6.1,6.79,51.83,17.91,0.55
Axington,42U,AXIN.SI,23.246,8.412,25.98,,Industrial & Commercial Services,84,-14.71,7.41,126.56,,10.54,8.44,19.18,0,2.42,
Ayondo,1I5,AYON.SI,24.47,-0.347,,,Banking & Investment Services,,,,,,,,61.89,,-101.72,
Azeus,BBW,AZEU.SI,30.6,28.677,10.81,3.63,Software & IT Services,51,-0.97,7.37,0.99,,9.87,16.03,7.22,0,26.28,0.44
B&M Hldg,CJN,BMHL.SI,22.771,2.164,,1.62,Banking & Investment Services,59,0,0,,,-34.94,-8.01,,0,-5.55,
Baker Technology,BTP,BATE.SI,44.633,64.482,,2.27,Energy - Fossil Fuels,86,0,-35.29,-44.3,-50,-27.82,-4.37,89.09,5.67,97.18,0.39
Ban Leong,B26,BANL.SI,21.645,157.023,7.02,7.89,Technology Equipment,54,-5,-9.52,-24,-24,2.06,10.45,5.37,21.44,0.53,0.98
Banyan Tree,B58,BANY.SI,197.721,346.954,345.59,,Cyclical Consumer Services,85,-16.07,-32.86,-41.98,-53.47,0.73,0.1,7.54,84.46,5.44,0.75
BBR,KJ5,BBRS.SI,57.798,127.805,,,Industrial & Commercial Services,71,-11,18.67,11.25,7.88,-11.13,-10.02,,74.85,8.27,0.41
Beng Kuang,BEZ,BENK.SI,9.316,58.358,,,Industrial & Commercial Services,47,15,50,72.5,50,-7.05,-6.87,1.75,66.51,5.5,0.1
Berlian LajuTank,B66,BLTA.JK,1297009.375,327757.906,170.36,,Transportation,28,0,0,0,0,3.33,2.49,14.64,113.23,-11.2,
Best World,CGN,BEST.SI,753.973,445.437,8.07,0.88,Personal & Household Products & Services,33,0,0,0,0,20.54,41.25,7.7,5.15,50.95,6.47
BH Global,BQN,BHGC.SI,40.5,49.369,22.61,,Industrial Goods,68,50,32.35,82.43,68.75,2.33,4.57,16.24,58.49,22.16,
BHG Retail Reit,BMGU,BHGR.SI,300.599,79.058,6.25,6.56,Real Estate,89.5,-6.35,-6.35,-15.11,-16.9,79.18,11.53,4.79,54.13,13.48,0.88
Biolidics,8YY,BIOL.SI,106.747,1.438,,,Healthcare Services,,1.23,90.7,54.72,38.98,-334.45,-47.33,,0,13.42,4.25
BlackGoldNatural,41H,BLAC.SI,12.045,18.125,,,Energy - Fossil Fuels,26,0,-20,33.33,9.09,-46.91,-128.16,,78.45,143.2,0.97
Blumont,A33,BLUM.SI,27.571,4.298,100,,Industrial & Commercial Services,37,-50,-50,0,-50,4.7,5.72,31.48,169.29,9.67,24.68
BMM,I9T,BMMO.SI,3.706,,,,Renewable Energy,37,0,0,0,-12.5,,,,,,
Boldtek,5VI,BOLD.SI,20.419,76.98,49.55,,Real Estate,64,44.74,18.28,1.85,,0.51,1.43,15.8,79.35,-25.76,0.96
Bonvests,B28,BVHS.SI,333.259,227.777,87.28,,Cyclical Consumer Services,55,2.47,-27.83,-30.25,-35.16,1.91,0.43,9.64,36.18,1.35,0.57
Boustead,F9D,BTSS.SI,310.042,537.399,11.8,4.84,Industrial & Commercial Services,71,3.33,-14.48,-18.95,-21.02,7.18,7.85,6.04,24.5,35.35,1.2
Boustead Proj,AVM,BOUS.SI,236.8,281.627,10.42,2.03,Industrial & Commercial Services,72,-2.63,-17.78,-20.86,-24.11,7.86,8.01,7.8,29.43,62.25,0.99
BRC Asia,BEC,BRCA.SI,310.149,902.78,7.21,3.79,Cyclical Consumer Products,46,21.1,-17.67,-8.77,0.76,4.73,16.61,5.07,136.11,9.17,1.22
BreadTalk,CTN,BRET.SI,431.297,664.93,,1.31,Cyclical Consumer Services,73,0,0.66,24.39,-4.38,-0.58,-3.73,2.44,169.04,9.04,3.46
Broadway Ind,B69,BRWY.SI,54.742,329.758,,,Industrial Goods,59,50.65,52.63,81.25,110.91,-1.71,-7.68,6,45,-8.48,0.35
Brook Crompton,AWC,BROO.SI,30.495,46.697,7.89,2.33,Industrial Goods,70,0,7.5,-4.44,17.81,8.28,11.68,6.54,3.45,-1.99,0.8
Bukit Sembawang,B61,BSES.SI,1012.343,369.72,13.31,1.02,Real Estate,70,-0.26,-12.72,-19.05,-28.31,20.58,5.79,12.34,29.33,3.32,1.09
Bumitama Agri,P8Z,BUMI.SI,826.04,742.824,12.41,1.87,Food & Beverages,62,10.59,-19.66,-32.86,-30.37,10.93,8.66,5.98,67.22,-8.19,1.46
Bund Center,BTE,BCIL.SI,395.455,110.347,14.31,1.92,Real Estate,66,1.96,-5.45,-0.95,-3.7,25.78,6.34,8.56,0.04,-7.18,1
Camsing Hc,BAC,CAMS.SI,32.1,12.958,,,Retailers,31,,,,,-8.35,-8.52,,33.06,-29.07,
CapitaCom Trust,C61U,CACT.SI,6758.283,416.185,15.36,4.2,Real Estate,100.5,8.7,-5.91,-12.94,-10.26,105.01,6.25,15.45,38.31,4.75,1.07
Capital World,1D5,CAPI.SI,9.16,14.031,,,Real Estate,54,0,0,-44.44,-80.77,-181.37,-25.48,,13.39,-60.83,0.52
CapitaLand,C31,CATL.SI,14844.914,6234.764,6.63,,Real Estate,122,-3.99,-18.13,-21.47,-11.08,54.75,10.1,4.18,124.7,11.29,0.68
CapitaMall Trust,C38U,CMLT.SI,7491.014,798.31,10.74,4.06,Real Estate,99.5,7.41,-10.57,-19.44,-16.8,87.34,9.12,10.71,48.86,11.64,1.17
CapitaR China Tr,AU8U,CRCT.SI,1589.733,238.185,8.44,7.62,Real Estate,96.2,-3.7,-7.8,-18.24,-13.5,69.96,9.65,9.48,66.83,6.93,0.86
Captii,AWV,CAPT.SI,11.824,23.323,5.21,3.38,Telecommunications Services,68,8.82,8.82,-1.33,-7.5,12.35,5.61,2.96,3.78,-23.78,0.29
Casa,C04,CASA.SI,9.442,16.437,2.72,,Cyclical Consumer Products,31,0,-25,-22.41,-19.64,18.21,6.21,2.63,4.15,-12.2,0.33
CDL HTrust,J85,CDLT.SI,1155.8,196.872,10.27,7.32,Real Estate,86.9,-2.56,-31.16,-41.36,-41.36,57.93,6.09,9.17,54.74,-2.44,0.95
CDW,BXE,CDWH.SI,32.783,143.838,,11.58,Technology Equipment,68,2.36,-19.25,-27.78,-25.29,-2.83,-5.27,,14.76,12.46,0.52
CEI,AVV,CEII.SI,76.942,138.747,10.59,1.65,Technology Equipment,65,2.94,-9.79,-6.91,-3.34,5.16,18.09,8.45,18.91,-1.13,1.75
Centurion,OU8,CNCL.SI,311.088,133.353,3.11,5.41,Real Estate,80,-3.9,-16.85,-15.91,-10.84,77.83,18.18,2.91,145.55,11.06,0.69
CFM,5EB,CFMH.SI,2.821,18.114,,,Industrial Goods,69,0,0,-17.65,-12.5,-0.7,-1.15,3.34,58.17,-18.19,0.31
CH Offshore,C13,CHOF.SI,31.729,29.701,,,Energy - Fossil Fuels,68,80,-15.09,-11.76,-16.67,-67.1,-16.9,,10.16,116,
Challenger,573,CHAL.SI,163.974,329.57,9.3,3.16,Retailers,63,2.15,-5,-8.65,-13.64,5.37,18.09,4.75,0,2.94,1.76
Charisma Energy,5QT,CHAR.SI,27.313,18.864,,,Utilities,61,,,,,-200.97,,,947.86,-22.55,
Chasen,5NV,CHHL.SI,22.943,123.355,7.86,6.78,Transportation,63,28.26,-13.24,-14.49,-35.16,2.62,4.22,1.98,52.61,-6.29,0.42
ChasWood Res,5TW,CHAS.SI,2.354,0.9,,,Cyclical Consumer Services,41,,,,,8.7,,6.93,,-23.4,
Chemical Ind,C05,CHEM.SI,45.947,64.21,4.39,2.48,Chemicals,56,-3.97,-14.79,-15.97,-13.57,16.33,9.21,2.68,0.02,-11.85,0.52
Cheung Woh,C50,CHWO.SI,25.047,48.859,,1.88,Industrial Goods,40,-9.09,-33.88,-48.05,-34.43,-10.37,-6.47,12.25,6.94,-36.4,0.54
China Aviation,G92,CNAO.SI,944.14,28832.83,6.63,4.31,Energy - Fossil Fuels,85,5.83,-4.39,-12.1,-12.8,0.49,12.45,5.96,0,-1.3,0.87
China Env,5OU,CHEN.SI,32.396,31.629,,,Industrial & Commercial Services,59,,,,,-320.37,-76.12,,20.43,-60.02,0.69
China Env Res,RS1,1130.HK,116.083,96.812,,,Industrial & Commercial Services,,-5,-32.94,-33.72,-52.1,-78.14,-11.97,,2.94,-58.45,0.42
China Everbright,U9E,CEWL.SI,1210.253,1014.771,3.64,6.6,Utilities,63,-2.44,-35.48,-36.51,-45.95,15.94,9.93,6.74,95.21,16.41,0.58
China Fishery,B0Z,CNFG.SI,282.533,691.118,,,Food & Beverages,45,,,,,6.61,2.22,2.06,104.74,-20.31,0.5
China Great Land,D50,CHIG.SI,1.407,0,,,Cyclical Consumer Products,26,,,,,,,,,,
China Haida,C92,CHHA.SI,1.02,41.218,,,Mineral Resources,55,0,-20,0,-42.86,-24.98,-26.3,,9.85,-9.22,
China Hongxing,BR9,CHXS.SI,358.867,0,,,Cyclical Consumer Products,22,,,,,,,,,,
China Intl,BEH,CHNA.SI,13.534,13.974,36.21,,Industrial & Commercial Services,50,1.06,-7.32,-35.59,-57.78,10.67,0.63,3.74,13.95,0.65,0.46
China Jishan,J18,CJIS.SI,36.18,7.364,,16.08,Cyclical Consumer Products,33,0,0,-29.41,9.09,-149.99,-31.38,,168.41,-1.59,0.9
China Mining,BHD,CMIL.SI,5.868,0.998,,,Real Estate,59,0,-51.22,-52.38,-73.33,-464.85,-23.46,,0,-87.91,1.81
China Paper,C71,CPHL.SI,45.662,144.714,,,Applied Resources,26,,,,,-6.17,-2.86,4.53,0,-28.52,0.12
China Real Estate,5RA,CHIR.SI,17.824,,,,Real Estate,50,0,0,0,0,,,,2.42,,0.67
China Sky Chem,E90,CSKY.SI,25.155,315.326,,,Cyclical Consumer Products,12,,,,,-22.9,-17.16,,0,-24.79,
China Sports,FQ8,CSIL.SI,13.312,51.177,,,Cyclical Consumer Products,44,,,,,0.15,0.08,4.05,0,29.19,0.07
China Star Food,42W,CHIA.SI,13.658,73.63,11.93,,Food & Beverages,53,15,-4.17,-14.81,15,1.49,1.24,3.14,5.12,-7.03,0.07
China Taisan,AZW,CTTG.SI,1.619,23.511,,,Cyclical Consumer Products,28,,,,,19.19,8.34,0.22,14.14,-26.92,0.05
China Yuanbang,BCD,CYBP.SI,10.41,247.258,,,Real Estate,59,0,-21.47,-48.28,-62.03,-4.76,-8.26,,102.2,-25.56,0.15
ChinaKangdaFood,P74,0834.HK,173.179,1530.549,36.57,,Food & Beverages,56,9.59,-25.93,-42.86,-43.66,0.38,0.68,1.95,66.21,0.49,0.28
ChinaKundaTech,GU5,CKUN.SI,4.508,8.461,,,Automobiles & Auto Parts,59,37.5,37.5,22.22,57.14,-15.56,-12.89,,0,9.61,0.4
ChinaSunsine,QES,CHSN.SI,358.937,533.946,4.63,2.74,Chemicals,,-3.95,-15.12,-28.43,-37.61,14.45,15.92,3.6,0,-18.02,1.34
Chip Eng Seng,C29,CESE.SI,428.49,1055.045,10.62,7.69,Real Estate,62,0,-11.86,-16.8,-23.53,3.09,3.84,7.36,221.59,-2.33,0.51
Choo Chiang,42E,CHOO.SI,41.6,63.841,8.24,5,Industrial Goods,46,11.61,-19.19,-19.19,-30.1,7.89,11.01,6.78,4.46,-0.35,
Chuan Hup,C33,CHHS.SI,183.798,18.537,,5.05,Real Estate,52,1.54,-10,-15.74,-28,-181.88,-8.92,,2.6,111.8,0.49
Citicode,5FH,CITC.SI,41.317,21.092,100,,Mineral Resources,35,0,0,0,0,0.06,,,,-61.63,
CityDev,C09,CTDM.SI,6992.527,3428.725,13.02,1.82,Real Estate,117,-3.39,-21.29,-25.63,-7.01,17.89,5.37,7.98,63.02,-18.8,0.73
Civmec,P9D,CIVM.SI,182.865,315.058,15.92,1.92,Industrial & Commercial Services,63,0,-3.95,-6.41,15.87,3.62,6.91,8.64,85.68,-46.96,1.2
Clearbridge,1H3,CLEA.SI,116.913,21.533,,,Healthcare Services,80,9.55,43.38,41.3,25,-53.61,-21.46,,6.06,250.99,1.71
CNMC Goldmine,5TP,CNMC.SI,85.616,55.415,13.59,1.19,Mineral Resources,61,8.25,2.44,-14.29,5,14,10.28,5.94,1.88,-1.13,1.55
Colex,567,COLX.SI,26.505,66.847,10.65,2.25,Industrial & Commercial Services,52,0,5.26,2.56,-16.67,3.72,5.91,4.08,0.3,-3.54,0.79
Combine Will,N0Z,CWIHx.SI,32.327,322.712,3.26,5,Cyclical Consumer Products,57,11.11,-4.76,-2.91,0,3.05,8.35,1.44,52.36,23.22,
ComfortDelGro,C52,CMDG.SI,3119.6,3905.7,11.76,6.8,Transportation,103,-12.73,-26.15,-38.72,-41.7,8.15,10.18,4.19,21.81,2.64,1.78
Cordlife,P8A,CORD.SI,94.971,61.579,13.97,2.82,Healthcare Services,47,-5.33,-8.97,-21.98,-22.83,10.49,5.11,8.84,3.71,,0.78
Cortina,C41,CORT.SI,226.842,502.601,6.3,1.46,Retailers,66,17.09,-10.46,-8.67,18.04,7.6,18.33,3.7,17.45,6.69,0.96
COSCO SHP SG,F83,COSC.SI,459.045,171.495,62.12,,Transportation,42,-10.87,-22.64,-32.79,-31.67,4.49,1.38,10.36,33.67,4.78,1.4
CosmoSteel,B9S,COSM.SI,21.199,91.582,7.56,3.42,Mineral Resources,78,17.74,-6.41,-14.12,-25.51,3.07,3.75,3,39.63,11.35,0.31
Courage Inv,CIN,1145.HK,102.086,114.025,72.7,,Transportation,,15.53,6.29,-19.13,-45.29,1.22,0.41,10.42,33.46,20.65,0.52
CPH,539,CIPH.SI,6.146,-0.022,,,Real Estate,53,25,-16.67,0,-37.5,,-5.76,,12.33,96.62,0.55
Creative,C76,CREA.SI,162.75,80.372,,,Technology Equipment,59,-3.98,-17.49,-26.19,-36.92,-2.24,-1.25,,0,-3.12,1.93
CromwellReit EUR,CNNU,CROM.SI,1163.017,177.046,9.82,8.97,Real Estate,71.3,15.19,-14.15,-11.65,-8.08,61.59,8.96,,52.89,30.87,0.86
CromwellReit SGD,CSFU,,,,,,,,,,,,,,,,,
CSC,C06,CSCH.SI,42.067,329.054,,,Industrial & Commercial Services,54,-11.11,-20,-23.81,-5.88,-0.67,-2.49,1.67,81.88,1.62,0.44
CSE Global,544,CSES.SI,227.07,451.756,9.35,6.25,Software & IT Services,74,11.39,-15.38,-16.19,-6.38,5.29,13.97,6.05,21.11,20.96,1.15
CWX Global,594,CWXG.SI,7.8,5.031,,,Energy - Fossil Fuels,59,0,-33.33,-33.33,-33.33,-46.28,-2.97,,35.39,-49.89,0.19
DairyFarm USD,D01,DAIR.SI,5708.406,11192.3,17.64,4.98,Food & Drug Retailing,,-11.9,-12.08,-27.86,-44.76,2.9,27.73,4.3,407.74,-4.74,10.87
Darco Water Tech,BLR,DRWT.SI,15.951,75.94,,,Industrial & Commercial Services,55,30.77,29.77,-32,-58.54,-9.18,-14.31,,18.84,-9.41,
Dasin Retail Tr,CEDU,DASI.SI,522.146,76.007,,8.47,Real Estate,77,0.63,-1.23,-3.01,-8,-9.78,-0.89,,64.5,6.62,0.62
Datapulse Tech,BKW,DATA.SI,38.338,4.44,,2.86,Technology Equipment,-5,-5.41,-16.67,-16.67,-23.91,-26.96,-1.55,,0.02,5249.4,0.74
DBS,D05,DBSM.SI,49919.844,15592,7.9,6.32,Banking & Investment Services,125,-2.45,-19.25,-22.89,-20.85,42.67,12.59,7.19,100.54,13,1.23
Debao Property,BTF,DPDL.SI,9.6,29.022,,,Real Estate,15,37.63,82.86,34.74,70.67,-163.46,-27.44,,168.89,-12.77,
Del Monte Pac,D03,DMPL.SI,709.989,2724.846,,6.85,Food & Beverages,104,-3.74,-14.17,-24.82,-20.77,-3.76,-12.33,5.53,282.1,-4.88,0.33
Delfi,P34,DELF.SI,488.926,668.43,12.22,4.03,Food & Beverages,75,18.52,-15.79,-21.57,-37.01,5.98,13.02,8.29,28.63,10.46,2.87
Design Studio,D11,DESS.SI,21.602,114.686,,,Retailers,51,0,0,15.28,-20.19,-44.71,-91.81,,0,-30.12,0.86
DISA,532,DISA.SI,20.077,4.185,,,Industrial Conglomerates,63,0,100,0,-33.33,-518.35,-106.15,,0.6,910.87,0.97
DLF,KUX,DLFH.SI,22.405,1.005,,,Industrial & Commercial Services,,0,0,0,-2.63,-366.16,,,209.43,-93.84,
Don Agro,GRQ,DONA.SI,54.098,,,,Food & Beverages,,14.29,56.52,,,,,,,,
Dragon,MT1,DRGN.SI,1.431,2.911,,,Industrial Goods,64,,,,,827.56,517.12,0.06,,-24.79,
Dukang,BKV,DDHL.SI,4.391,27.856,,,Food & Beverages,45,0,-23.61,-5.17,-57.69,-45.45,-6.31,,11,-2.66,
Dutech,CZ4,DTHL.SI,94.482,373.365,6.02,3.77,Technology Equipment,47,10.42,0,0,15.22,4.2,8.26,3.19,19.54,3.48,0.48
Duty Free Intl,5SO,DUTY.SI,113.086,200.472,10.76,16.3,Transportation,56,-9.8,-12.36,-19.76,-32.48,5.63,5.28,7.41,0.68,10.33,0.93
Dyna-Mac,NO4,DMHL.SI,118.692,124.51,,,Industrial Goods,43,43.21,-7.2,-1.69,7.41,-19.12,-25.27,,49.04,21.8,1.02
Dynamic Colours,D6U,DYCL.SI,41.574,38.896,12,5.05,Chemicals,83,16.47,8.79,17.86,10,8.91,7.24,7.43,0.08,13.55,0.8
Eagle HTrust USD,LIW,EAGL.SI,119.567,,,25.39,Real Estate,,0,-66.17,-73.9,-80.43,,,,,,
EC World Reit,BWCU,ECWO.SI,553.998,98.805,9.08,8.27,Real Estate,68.8,6.15,-2.13,-7.38,-12.1,61.29,8.51,,68.38,2.76,0.86
EcoWise,5CT,ECOW.SI,25.852,55.092,,,Industrial & Commercial Services,77,0,0,8,0,-0.88,-1.86,8.65,48.58,-5.65,0.68
Edition,5HG,EDIT.SI,12.616,0.111,,,Food & Beverages,41,0,0,0,25,-5443.24,-28.78,,0.24,141.3,
Eindec,42Z,EIND.SI,1.185,11.248,,,Industrial Goods,62,-54.17,-59.26,-59.26,,-14.64,-19.57,,10.76,7.75,
Elec & Eltek USD,E16,EELT.SI,405.616,616.508,13.35,1.84,Technology Equipment,54,0.46,42.76,43.71,66.92,5.07,7.4,5.49,27.44,2.3,0.61
EliteComREIT GBP,MXNU,ELIE.SI,224.249,,,,Real Estate,,0.75,-8.78,,,,,,,,
Ellipsiz,BIX,ELPZ.SI,56.824,48.54,,2.94,Technology Equipment,57,9.68,-2.86,-13.92,-18.05,-26.35,-11.66,,0,-13.34,0.6
EMAS Offshore,UQ4,,,,,,,,,,,,,,,,,
Eneco Energy,R14,ENEC.SI,16.866,41.15,,,Transportation,38,0,0,-23.53,-65.33,-65.43,,,135.78,-12.02,4.76
EnGro,S44,ENGR.SI,94.962,131.262,8.6,3.13,Mineral Resources,40,-5.88,-12.57,-17.1,-0.62,8.44,4.73,5.8,2.04,-9.04,0.45
Envictus,BQD,ETIK.SI,25.725,150.771,,,Cyclical Consumer Services,50,-3.7,-6.31,-13.33,-32.9,-7.97,-11.85,,53.47,9.45,0.69
Enviro-Hub,L23,EHHL.SI,10.337,34.196,33.33,,Industrial & Commercial Services,64,0,-47.37,-58.33,-61.54,2.46,0.62,2.61,203.37,30.28,
Epicentre,5MQ,EPHL.SI,2.875,-3.175,,,Retailers,20,0,0,0,0,,-65.18,,139.12,-62.4,2.05
ES,5RC,ESGL.SI,5.789,27.844,1.24,,Industrial Goods,77,0,36.67,105,20.59,13.76,15.89,1.08,38.73,-0.46,
ESR-REIT,J91U,ESRR.SI,1317.647,253.044,255.1,7.08,Real Estate,81.4,10.29,-29.25,-29.91,-30.45,3.92,-0.05,,77.77,61.26,0.99
ETC Singapore,1C0,EMER.SI,29.342,41.386,5.21,,Real Estate,29,42.86,50,57.89,57.89,35.67,5.87,1.91,43.15,-31.85,0.2
EuroSports Gbl,5G1,EURO.SI,53,95.659,10.73,,Retailers,73,81.82,17.65,-2.44,2.56,5.39,67.32,5.57,356.77,34.2,9.65
Excelpoint,BDF,EXCE.SI,38.322,1384.668,16.84,,Technology Equipment,59,-5.88,-20,-31.18,-37.25,0.16,2.07,4.51,191.28,-22.21,0.65
Ezion,5ME,EZHL.SI,161.395,102.912,,,Energy - Fossil Fuels,59,,,,,-1120.18,,,,-33.35,
Ezra,5DN,EZRA.SI,33.653,744.236,,,Energy - Fossil Fuels,30,,,,,-176.69,-121.68,,133.16,-3.44,0.25
F & N,F99,FRNM.SI,2131.626,1947.256,14.23,3.74,Food & Beverages,90,-1.34,-9.26,-14.53,-16.48,10.82,5.14,7.46,23.45,5.15,0.92
Fabchem China,BFT,FBCH.SI,7.441,24.883,,,Chemicals,63,9.66,9.66,43.24,0.63,-117.9,-56.32,,17.55,-30.36,0.11
Falcon Energy,5FL,FEGL.SI,24.123,42.194,,,Energy - Fossil Fuels,23,,,,,-326.67,-109.48,,156.31,-55.62,0.22
Far East,5TJ,FAEA.SI,14.267,,,,Industrial Goods,73,34.74,0.79,4.92,-9.22,,,,48.28,,0.31
Far East HTrust,Q5T,FAEH.SI,967.794,115.546,15.74,6.39,Real Estate,90.4,-4.81,-16.81,-33.11,-22.66,52.25,3.63,,62.39,1.64,0.69
Far East Orchard,O10,FARE.SI,442.744,156.063,16.84,5.94,Cyclical Consumer Services,83,0,-10.62,-12.93,-14.41,16.52,2.07,8.77,23.33,3.21,0.41
Federal Int,BDU,FEDL.SI,26.042,62.598,10.91,,Energy - Fossil Fuels,50,14.2,-9.76,-7.04,-7.04,3.85,2.91,5.31,29.71,44.79,0.44
Figtree,5F4,FIGT.SI,31.609,10.793,,3.33,Real Estate,70,60.71,-5.26,-10,-25,-0.91,-0.1,256.63,7.27,354.51,
First Reit,AW9U,FRET.SI,710.074,115.297,15.4,,Real Estate,64.3,10.62,-9.69,-14.08,-12.38,42.43,5.28,14.51,57.12,-0.78,0.89
First Resources,EB5,FRLD.SI,2154.339,871.482,17.06,1.73,Food & Beverages,82,7.94,-14.47,-24.44,-11.69,15.15,9.02,9.12,40.87,-2.94,1.92
First Sponsor,ADN,FSCA.SI,897.255,319.164,6.88,2.41,Real Estate,50,0,-15.15,-17.04,-7.44,51.88,11.6,5.1,52.35,15.07,0.63
FJ Benjamin,F10,FJBN.SI,18.199,125.047,,,Retailers,38,-13.04,-28.57,-35.48,-35.48,-0.37,-0.87,2.52,35.6,-12.73,0.59
Food Empire,F03,FEMP.SI,269.314,408.99,7.28,2,Food & Beverages,42,-1.96,-23.32,-15.02,-0.99,8.9,13.63,5.63,19.36,1.49,1.13
Forise Intl,I5H,FOIL.SI,21.3,0.705,,,Industrial & Commercial Services,52,150,400,233.33,400,-765.86,-85.57,,0,-67.29,0.7
FortressMinerals,OAJ,FORR.SI,100,36.744,10.75,1.8,Mineral Resources,,0,-4.76,0,-16.67,25.06,36.17,7.72,0,,
Fragrance,F31,FRAG.SI,779.52,58.156,9.76,3.02,Real Estate,43,1.75,-8.26,-3.28,0.62,136.68,5.93,9.59,106.1,-82.17,0.65
Frasers Cpt Tr,J69U,FCRT.SI,2716.763,197.291,11.78,,Real Estate,83.6,14.08,-12.9,-11.96,-1.22,114.94,10.29,11.98,42.12,0.74,1.14
Frasers HTrust,ACV,FRHO.SI,902.984,137.166,24.74,5.07,Real Estate,84.5,-5.05,-27.69,-33.8,-33.8,29.75,2.44,20.25,54.99,-9.87,0.91
Frasers L&C Tr,BUOU,FRAE.SI,3783.243,238.167,10.86,6.48,Real Estate,86.5,4.72,-10.48,-10.48,-4.31,94.61,11,,56.49,10.62,1.27
Frasers Property,TQ5,FRPL.SI,3510.793,3907.807,8.2,3,Real Estate,97,-2.44,-21.57,-30.23,-32.96,27.58,4.81,3.33,165.9,-17.71,0.56
Frencken,E28,FREN.SI,337.694,659.151,7.97,2.69,Industrial Goods,76,7.43,-4.22,-10.67,33.61,6.46,15.13,5.3,25.94,5.33,0.67
FSL Trust,D8DU,FSLT.SI,116.692,102.654,5.2,,Transportation,48,1.54,10,30.39,92.62,19.06,8.09,2.17,68.23,4.55,0.11
Fu Yu,F13,FUYU.SI,169.424,194.128,13.35,7.11,Industrial Goods,74,-2.17,-8.16,-4.26,13.07,6.54,7.74,7.01,0,-1.8,0.87
Fuji Offset,508,FOPS.SI,19.466,4.788,13.67,0.77,Industrial Goods,40,-7.14,-7.14,1.3,44.44,32.44,5.37,9.13,0.68,-4.53,
Full Apex,BTY,FULL.SI,18.492,196.921,,,Applied Resources,7,,,,,-1.97,-1.77,2.62,58.5,11.9,
Fuxing China,AWK,FXCG.SI,8.742,146.934,,,Cyclical Consumer Products,55,11.11,-38.27,-35.9,-35.9,-5.25,-6.08,,33.36,-17.05,0.09
G Invacom,QS9,GLOB.SI,23.722,190.64,,,Technology Equipment,64,7.69,-18.45,-45.1,3.7,-9.14,-24.39,,21.15,9.99,0.12
G K Goh,G41,GKHS.SI,256.6,116.926,32.3,2.53,Industrial & Commercial Services,61,2.6,-4.82,-7.06,-5.39,7.3,1.87,11.73,38.72,29.65,0.68
Gallant Venture,5IG,GLVT.SI,613.059,1965.687,,,Automobiles & Auto Parts,40,0.89,-7.38,-3.42,-12.4,-12.98,-16.54,,194.62,7.26,0.49
GCCP,41T,GCCP.SI,8.354,3.105,,,Mineral Resources,32,0,0,16.67,-70.83,-99.3,-14.89,,22.49,-51.88,
GDS Global,5VP,GDSG.SI,10.976,17.95,,3.06,Cyclical Consumer Products,69,0,-51,-72,,1.33,-1,6.31,0,24.26,
Genting Sing,G13,GENS.SI,9493.812,2480.34,13.75,5.1,Cyclical Consumer Services,75,0,-3.68,-15.14,-10.29,27.76,8.7,8.8,13.35,-2.32,1.51
Geo Energy Res,RE4,GEOE.SI,166.514,384.392,,,Energy - Fossil Fuels,86,58.67,-11.85,-10.53,-20.13,-2.82,-4.65,12.6,176.35,-1.17,1.11
GKE,595,GKEC.SI,50.066,103.706,37.5,,Transportation,60,14.55,-7.35,1.61,-7.35,1.52,1.88,3.63,110.5,37.41,0.63
GL,B16,GLLI.SI,766.116,498.323,18.34,3.93,Cyclical Consumer Services,72,-2.61,-26.8,-29.11,-27.27,7.96,2.74,9.67,19.38,0.37,0.68
Global Dragon,586,GLOL.SI,32.735,1.523,9.96,,Real Estate,53,-40,-4,-17.24,-28.36,-24.43,-2.05,,200.27,213.32,1.88
Global Inv,B73,GLNV.SI,237.89,25.956,11.83,7.25,Collective Investments,106,2.22,0,-2.82,5.34,76.08,6.14,,0,116.19,0.6
Global Palm Res,BLW,GPRL.SI,28.908,25.319,,,Food & Beverages,62,3.7,1.45,-9.09,-36.36,-15.51,-6.32,,0,-22.57,
Global Testing,AYN,GTCL.SI,9.329,31.708,,,Technology Equipment,56,-1.85,-44.79,-50.93,-52.32,-14.79,-10.46,1.18,8,-1.7,0.38
Golden Agri-Res,E5H,GAGR.SI,1964.145,9115.789,7.09,3.79,Food & Beverages,73,-1.92,-23.5,-28.84,-42.26,3.31,4.55,2.64,72.21,-10.26,0.55
Golden Energy,AUE,GOLD.SI,409.439,1589.088,29.02,1.67,Energy - Fossil Fuels,66,-1.14,12.26,6.1,-13,2.93,2.96,5.39,85.88,6.94,1.21
Goodland,5PC,GLGP.SI,65.021,14.76,,0.91,Real Estate,67,0,4.43,-12.7,-26.67,-27.38,-2.01,,32.72,,0.38
GP Industries,G20,GPEI.SI,299.781,1134.51,5.17,5.22,Industrial Goods,53,10.58,3.6,-4.17,-0.82,6.04,14.45,3,128.27,0.82,0.93
Grand Banks,G50,GBYL.SI,32.496,85.744,14.01,2.84,Cyclical Consumer Products,75,-12,-23.48,-38.25,-34.81,2.7,4.1,4.7,29.71,13.03,0.96
Grand Venture,JLB,GRAN.SI,51.536,40.074,16.43,,Industrial Goods,,-2.22,-18.52,-6.38,4.76,7.73,13.03,6.42,151.88,-2.25,
Great Eastern,G07,GELA.SI,8713.804,18631.6,8.68,3.26,Insurance,99,-1.66,-13.61,-15.2,-28.28,5.49,12.51,7.95,5.38,55.38,1.58
Green Build,Y06,GREE.SI,8.634,32.934,,,Industrial & Commercial Services,39,0,0,0,-68.18,-10.17,,,,72.03,
GRP,BLU,GRPS.SI,35.835,23.035,,5.41,Real Estate,59,22.52,2.78,-4.64,-7.04,-18.56,-6.34,,2.77,-25.22,0.31
GS Hldg,43A,GSHO.SI,103.596,35.684,7.79,,Industrial & Commercial Services,46,-2.61,-15.79,-22.22,143.48,57.89,117.42,4.8,1738.27,,58.64
GSH,BDX,GSHC.SI,415.178,153.709,54.12,,Cyclical Consumer Services,67,7.14,-34.38,-42.47,-36.36,6.5,1.98,19.13,120.32,53.74,1.77
GSS Energy,41F,GSSE.SI,33.786,97.55,16.55,,Industrial Goods,58,23.64,-19.05,-19.05,-1.45,1.4,4.26,6.95,10.74,-3.25,0.96
Guoan Intl,G11,0143.HK,464.938,207.794,,,Technology Equipment,,-13.04,11.11,3.45,-29.41,-22.42,-13.71,,10,89.4,3.93
GuocoLand,F17,GUOC.SI,1763.226,1188.085,6.04,4.7,Real Estate,101,4.93,-11.31,-26.6,-23.59,26.95,6.63,5.21,114.4,64.99,0.49
GYP Properties,AWS,GYPP.SI,27.584,9.188,,,Real Estate,47,5.26,-13.04,-12.28,-31.51,-2.19,-0.17,37.68,102.6,-3.73,0.61
Hafary,5VS,HFRY.SI,62.43,108.44,6.26,8.05,Cyclical Consumer Products,69,3.57,-3.33,0,-3.97,9.23,15.17,3.53,223.97,-9.63,1.1
Hai Leck,BLH,HLHL.SI,92.697,73.172,68.7,2.22,Energy - Fossil Fuels,49,-7.22,-6.25,-10,-12.64,1.84,1.13,12.05,0.03,-15.83,0.87
Halcyon Agri,5VJ,HALC.SI,677.88,2703.85,,,Automobiles & Auto Parts,78,11.84,-1.16,-1.16,-13.27,-0.2,-0.26,16.34,129.03,-10.9,0.65
Hanwell,DM0,HANW.SI,106.205,461.107,16.94,1.34,Applied Resources,69,-0.53,-4.62,-17.33,-1.92,2.57,2.19,4,30.32,-8.06,0.28
Hatten Land,PH0,HATT.SI,110.464,119.602,16.64,0.17,Real Estate,50,0,5.48,-12.5,-27.36,5.74,6.5,12.98,250.33,19.25,2.55
Haw Par,H02,HPAR.SI,2213.583,243.987,12.15,3,,90,-2.25,-15.74,-25.35,-27.46,74.68,5.99,11.73,0.79,2.6,0.85
HC Surgical,1B1,HCSU.SI,46.176,19.617,6.31,8.2,Healthcare Services,56,-12.86,-39.6,-41.9,-45.05,42.32,41.43,5.08,10.79,16.85,5.28
HealthBank,40B,HEAL.SI,10.764,0.802,,,Cyclical Consumer Services,46,0,0,-1.43,109.09,-532.48,-22.2,,0,-60.52,0.57
Healthway Med,5NG,HEMC.SI,149.45,114.247,,,Healthcare Services,47,13.79,17.86,32,17.86,-2.57,-1.64,18.79,0.26,1.4,0.8
Heatec Jietong,5OR,HTJT.SI,3.689,23.709,,,Cyclical Consumer Products,69,-6.25,-11.76,57.89,-23.08,-10.28,-16.22,,46.1,-13.7,
Heeton,5DP,HEET.SI,109.74,64.806,8.32,1.78,Real Estate,50,-2.17,-16.67,-28.19,-25.82,17.95,3.09,6.82,77.33,17.66,0.39
Hengyang Petro,5PD,HNYG.SI,50.865,0,,,Energy - Fossil Fuels,56,0,59.24,65.56,,,-6.79,,0.02,,
HG Metal,BTG,HGMM.SI,20.245,137.12,26.09,,Mineral Resources,76,-11.43,-32.61,-26.19,-34.04,0.56,0.76,3.13,3.41,-21.16,0.34
Hi-P,H17,HIPI.SI,958.149,1367.669,10.87,4.44,Industrial Goods,60,0.93,1.89,-30.32,-8.47,5.87,13.87,5.78,29.99,-2.46,1.26
Hiap Hoe,5JK,HIAP.SI,306.09,132.22,13.74,2.33,Real Estate,72,-3.73,-15.13,-19.37,-23.21,16.76,2.89,5.53,90.22,-29.48,0.54
Hiap Seng,510,HSEN.SI,6.075,127.65,,,Energy - Fossil Fuels,72,0,0,0,-75.61,-26.76,-565.96,,149.86,-15.02,0.56
Hiap Tong,5PO,HTCL.SI,17.56,58.301,8.14,0.88,Banking & Investment Services,44,-14.93,-22.97,-13.64,-10.94,3.7,2.51,1.16,47.7,32.13,0.31
HL Global Ent,AVX,HLGE.SI,23.948,7.064,27.16,,Cyclical Consumer Services,81,6.25,-15,-22.73,-36.25,12.46,1.13,12.6,0,-34.25,0.5
Ho Bee Land,H13,HBEE.SI,1434.81,212.432,4.08,3.92,Real Estate,83,-0.04,-8.48,-13.11,-12.74,155.95,9.74,4.32,75.11,7.92,0.47
Hock Lian Seng,J2T,HLSG.SI,138.268,193.491,11,4.44,Industrial & Commercial Services,72,-1.82,-18.18,-16.92,-16.92,6.51,6.16,7.56,5.68,-2.17,0.84
Hoe Leong,H20,HLEC.SI,11.24,55.877,,,Industrial Goods,35,0,0,0,-33.33,-28.93,-108.23,,148.46,-24.61,0.73
Hong Fok,H30,HONG.SI,600.722,113.245,4.2,1.45,Real Estate,82,-7.38,-0.72,-14.81,-13.21,101.36,5.79,5.15,40.97,-13.64,0.25
Hong Lai Huat,CTO,HONL.SI,28.407,29.343,15.69,3.91,Real Estate,37,-3.76,-28.09,-25.58,-40.47,6.17,1.41,4.42,2.28,-14.67,0.38
Hong Leong Asia,H22,HLAA.SI,377.648,4104.089,10.95,1.98,Automobiles & Auto Parts,98,-2.88,-7.34,-22.9,-3.81,3.55,4.56,1.45,103.76,8.41,0.49
Hong Leong Fin,S41,HLSF.SI,1012.601,396.356,5.81,6.64,Banking & Investment Services,96,-1.31,-11.72,-14.39,-12.74,47.78,5.44,9.11,0,13.26,0.6
HongkongLand USD,H78,HKLD.SI,8775.464,2319.7,44.32,5.85,Real Estate,,-10.69,-23.42,-31.64,-43.54,8.72,0.52,40.66,12.88,-12.97,0.38
Hor Kew,BBP,HKEW.SI,7.81,63.674,5.2,,Industrial & Commercial Services,38,-21.05,-21.05,-16.67,-12.79,2.36,2.6,0.95,118.96,16.07,0.18
Hosen,5EV,HSNG.SI,9.644,67.311,,,Food & Drug Retailing,55,8,-10,-12.9,-22.86,-2,-3.23,,34.17,-1.46,0.33
Hotel Grand,H18,HGCS.SI,675.678,154.702,25.42,,Cyclical Consumer Services,45,-0.53,-20.51,-29.01,-28.46,17.11,1.94,13.93,4.24,-4.75,0.66
Hotel Royal,H12,HTRS.SI,301.392,57.69,62.03,1.67,Cyclical Consumer Services,80,-2.92,4.91,0,-5.68,8.43,0.72,22.98,15.69,-3.98,0.45
Hotung Inv,BLS,HOTU.SI,156.992,23.544,9.93,8.21,Banking & Investment Services,50,0,-9.09,-10.71,-3.23,66.83,5.02,9.76,0,12.33,0.58
HPH Trust SGD,P7VU,,,,,,,,,,,,,,,,,
HPH Trust USD,NS8U,HPHT.SI,1001.777,1434.476,14.7,12.25,Transportation,60.1,-11.54,-21.77,-27.22,-48.89,16.38,2.01,1.58,117.65,-3.15,0.62
HPL,H15,HPPS.SI,1527.966,556.359,31.44,1.37,Cyclical Consumer Services,47,1.03,-16.52,-20.6,-20.81,9.83,2.57,11.97,33.13,-3.99,0.86
HRnetGroup,CHZ,HRNE.SI,500.646,423.081,9.48,5.66,Industrial & Commercial Services,64,-8.33,-11.61,-18.85,-30.77,13.18,15.51,8.02,0,-1.26,2.41
Hu An Cable,KI3,HACH.SI,9.044,201.222,,,Industrial Goods,53,,,,,-124.17,-184.62,,51.95,-59.65,0.22
HuanHsin,H16,HUAN.SI,5.626,7.575,,,Industrial Goods,43,,,,,-109.28,,,,-53.78,
Huationg Global,41B,HUAT.SI,9.84,,,,Industrial & Commercial Services,59,0,-9.72,-35,-59.12,,,,142.06,,0.34
Hwa Hong,H19,HWHS.SI,205.854,14.524,31.69,3.17,Real Estate,67,12.5,-5.97,1.61,1.61,44.46,3.41,22.54,43.59,39.33,1
Hyflux,600,HYFL.SI,186.216,150.18,,,Utilities,38,,,,,-756.25,-247.15,,128.91,-62.41,0.33
Hyphens Pharma,1J5,HYPH.SI,93.133,123.879,12.88,3.23,,,31.91,37.78,37.78,61.46,5.83,16.66,10.08,9.18,5.6,1.48
ICP Ltd,5I4,ICPL.SI,21.782,6.427,,,Real Estate,52,0,0,0,-12.5,-9.1,-2.26,15.19,83.08,58.34,0.83
IEV,5TN,IEVH.SI,13.66,2.356,,,Energy - Fossil Fuels,61,-12.5,-33.33,-42.86,75,-165,,,,52.37,
IFAST,AIY,IFAS.SI,285.118,136.7,25.01,3,Banking & Investment Services,81,1.94,5,2.94,-3.67,8.3,12.65,11.29,34.95,16.37,3.34
IFS Capital,I49,IFAC.SI,75.194,56.217,8.01,3.9,Banking & Investment Services,65,2.56,-11.11,-13.04,-2.44,21.53,5.39,5.58,165.09,-13.42,0.47
IHH,Q0F,IHHH.KL,47652.375,14912.485,102.84,0.74,Healthcare Services,,3.43,-4.74,1.12,-0.91,3.45,1.9,25.5,43.62,29.44,1.96
Imperium Crown,5HT,IMPE.SI,6.32,0.623,,,Real Estate,19,0,-33.33,-46.67,-52.94,-797.75,-4.52,,0,427.97,0.35
Inch Kenneth,I4R,IKEN.KL,227.205,14.144,,1.96,Cyclical Consumer Services,,5.88,-9.24,-9.24,-11.48,-51.21,-1.15,,0,-10.12,0.41
Incredible,RDR,INCR.SI,1.199,8.781,,,Technology Equipment,,0,-50,-50,-50,-26.76,-46.39,,0.11,-20.57,
Indofood Agri,5JS,IFAR.SI,441.574,1318.344,,0.82,Food & Beverages,76,1.67,-1.61,-6.15,10.91,-5.2,-3.56,5.63,94.93,-2.91,0.24
Informatics,BOU,INFO.SI,5.32,9.324,,,Personal & Household Products & Services,30,36.36,11.11,-30.23,-21.94,-11.26,,,,22.41,
InnoPac,I26,INPS.SI,9.213,-0.005,,,Real Estate,37,,,,,,-180.16,,0,-103.85,0.5
InnoTek,M14,INTK.SI,86.33,186.721,4.8,4.29,Technology Equipment,79,-6.67,-18.6,-23.08,-33.96,8.92,10.73,3.83,0.04,-14.47,0.62
Interra Resource,5GI,INTR.SI,33.208,22.217,,,Energy - Fossil Fuels,60,21.74,-15.15,12,100,-3.67,-1.77,15.61,3.69,5.32,0.49
Intl Cement,KUO,INTN.SI,126.164,131.229,7.77,,Mineral Resources,,57.14,37.5,-42.11,-33.33,21.63,7.87,3.36,0.95,15.01,0.58
Intraco,I06,ITRS.SI,20.261,137.2,19.98,,Industrial & Commercial Services,79,-1.02,-29.09,-33.9,-20.41,0.73,1.46,11.38,14.01,-10.83,0.39
IP Softcom,571,IPSL.SI,7.32,29.273,,,Software & IT Services,56,0,-28.57,-9.09,100,-33.73,-23.84,,8,-10.43,0.13
IPC Corp,AZA,IPCC.SI,16.205,3.565,,,Real Estate,54,-5,-7.32,-37.7,-37.7,-468.64,-17.19,,7.64,-60.47,0.24
IPS Securex,42N,IPSS.SI,37.908,13.126,,,Technology Equipment,72,14.71,-3.7,95,,-0.93,-1.66,45.4,2.87,23.81,3.59
IREIT Global,UD1U,IREI.SI,459.622,55.359,4.23,7.83,Real Estate,81.6,5.11,-6.49,-9.43,-4,195.37,20.88,,63.22,1.31,0.96
ISDN,I07,ISDN.SI,100.95,290.985,13.61,1.7,Industrial Goods,73,30.56,18.09,9.3,2.17,4.88,4.75,5.62,19.87,-3.64,0.54
ISEC,40T,ISEC.SI,167.959,42.201,24.36,2.62,Healthcare Services,74,1.67,-12.86,-14.08,-1.61,15.22,9.61,17.53,7.92,3.55,2.22
Isetan,I15,ISET.SI,127.05,111.885,,1.62,Retailers,70,3.01,-23,-37.4,-11.24,-23.71,-18.54,,0,-8.42,
ISOTeam,5WF,ISOT.SI,44.67,127.241,5.1,3.16,Industrial & Commercial Services,76,5.56,-36.67,-45.71,-39.55,5.27,12.41,3.89,57.13,17.73,0.94
IX Biopharma,42C,IXBI.SI,165.468,0.756,,,,43,-3.77,37.1,32.12,13.33,-1598.81,-78.23,,27.33,103.77,7.27
Jackspeed,J17,JACK.SI,39.464,0,5.52,,Automobiles & Auto Parts,49,0,0,-10.27,9.17,,,5.48,2.14,-100,
Jadason,J03,JADA.SI,18.878,44.252,,,Technology Equipment,48,30,-7.14,-18.75,-16.13,-38.85,-43.18,,5.25,-19.23,0.3
Japan Foods,5OI,JPFD.SI,54.075,70.924,16.51,6.77,Cyclical Consumer Services,90,-11.43,-21.52,-27.91,-27.91,4.6,9.72,3.78,0,4.05,2.54
Japfa,UD2,JAPF.SI,1374.837,5568.748,6.13,,Food & Beverages,59,16.67,18.75,15.5,20.65,5.43,17.48,3.57,174.08,9.17,1.1
Jardine C&C,C07,JCYC.SI,8639.865,26349.166,6.92,5.56,Automobiles & Auto Parts,86,8.7,-18.58,-28.66,-35.08,10.63,13.56,1.99,121.7,-2.11,1.67
Jason Marine,5PF,JMGL.SI,12.72,32.048,2.86,4.17,Technology Equipment,68,0,-4,-14.29,-11.11,13.76,19.33,2.6,0,10.58,0.6
Jasper Inv,FQ7,JASP.SI,8.708,0.027,,,Energy - Fossil Fuels,44,0,0,-33.33,-66.67,-3247.37,-396.78,,0,,41.32
Jawala,1J7,JAWA.SI,21.325,11.213,10,2.22,Applied Resources,,-25,-25,-25,-14.29,28.23,20.91,6.5,1.82,,
JB Foods,BEW,JBFO.SI,148.568,499.59,4,4.08,Food & Beverages,64,0,-16.95,-24.03,-25.76,7.44,19.91,3.25,65.83,7.76,1.13
JCG Investment,VFP,JCGI.SI,15.812,4.813,,,Mineral Resources,,0,-50,-50,-50,-75.59,-78.75,,0,320.35,14.95
JEP,1J4,JEPH.SI,77.408,88.962,11.88,,Industrial Goods,40,1.08,-8.78,-8.78,23.84,7.33,11.62,5.91,82.93,3.61,1.03
JES Intl,EG0,JSIH.SI,32.953,0,,,Industrial Goods,12,,,,,,,,,-100,
Jiutian Chemical,C8R,JUTN.SI,25.458,189.088,,,Chemicals,49,7.69,7.69,-6.67,7.69,-28.28,-56.33,,22.05,-25.7,0.3
JMH USD,J36,JARD.SI,29494.135,40922,5.32,4.28,Industrial Conglomerates,,-8.67,-26.19,-28.58,-37.17,10.93,10.06,4.29,71.39,-3.77,1.01
Joyas Intl,E9L,JIHL.SI,3.828,0.393,,,Cyclical Consumer Products,46,100,0,100,0,-1246.88,-118.87,,62.21,-16.26,
JSH USD,J37,JSH.SI,22110.742,32665,5.17,1.78,Industrial Conglomerates,,-7.42,-30.51,-37.17,-46.33,11.18,6.5,3.83,56.69,-4.19,1.3
Jubilee,NHD,JLJH.SI,8.99,153.361,,,Industrial Goods,,-30,-30,-61.11,-68.75,-0.75,-3.15,35.12,22.15,-4.68,0.9
Jumbo,42R,JUMB.SI,160.458,143.609,25.18,4.8,Cyclical Consumer Services,81,-1.96,-18.03,-32.43,-32.43,3.35,9.45,10.33,0,,3.9
Karin Tech,K29,KARI.SI,68.723,330.527,14.22,6.42,Technology Equipment,66,10.34,4.92,-3.03,6.67,1.5,6.19,9.55,60.88,-10.46,0.92
Katrina,1A0,KATR.SI,24.31,84.356,,,Cyclical Consumer Services,53,-16,-32.26,-27.59,-41.67,-7.49,-58.33,1.18,0,30.19,
Kencana Agri,BNE,KCAL.SI,25.831,147.491,,,Food & Beverages,61,8.43,-36.17,-10.89,-43.75,-8.34,-64.91,2.18,895.2,-16.74,1.24
Keong Hong,5TT,KEHO.SI,82.472,147.425,3.97,5.15,Industrial & Commercial Services,72,4.62,-18.07,-23.6,-29.9,13.73,9,3.27,58.49,,0.52
Kep Infra Tr,A7RU,KEPL.SI,2669.737,1654.483,35.29,6.95,Utilities,76.6,8.08,2.88,0.94,12.63,2.96,5.19,11.34,231.19,107.96,1.67
KepPacOakReitUSD,CMOU,KPEL.SI,690.147,122.886,9.25,8.18,Real Estate,72.3,14.84,0,-4.55,0,56.69,9.9,,56.5,31.39,0.76
Keppel Corp,BN4,KPLM.SI,10759.496,7906.466,16.25,3.38,Industrial Conglomerates,100,-1.17,-6.78,-12.05,-2.48,8.69,5.85,9.82,90.84,31.22,0.98
Keppel DC Reit,AJBU,KEPE.SI,4196.604,194.827,33.5,2.62,Real Estate,87.3,9.36,10.78,28.5,67.77,57.03,6.43,,48.91,10.99,1.26
Keppel Reit,K71U,KASA.SI,3627.687,162.751,33.64,4.65,Real Estate,84.8,0.94,-13.01,-13.01,-10.08,82.35,2.34,27.06,44.75,-2.04,0.9
Khong Guan,K03,KHON.SI,41.3,54.832,,1.25,Food & Beverages,55,0,-1.84,-16.23,-19.19,-1.07,-1.13,170.5,0,-10.12,0.83
KimHeng Offshore,5G2,KIMH.SI,19.17,58.08,,,Energy - Fossil Fuels,61,-6.9,-37.21,-41.3,-49.06,-11.96,-11.93,9.4,50.57,52.6,0.84
Kimly,1D0,KIML.SI,243.135,208.299,12.06,5.33,Cyclical Consumer Services,64,0,-8.7,-14.29,-12.5,9.63,23.39,10.27,0.09,3.01,4.42
King Wan,554,KIWC.SI,27.236,74.412,26.35,,Industrial & Commercial Services,50,0,-4.88,-17.02,-21.21,1.38,1.56,14.32,27.46,-14.03,0.75
KingsmenCreative,5MZ,KMEN.SI,43.419,365.922,83.01,4.65,Industrial & Commercial Services,55,-2.27,-24.56,-52.22,-58.25,0.13,0.44,5.03,29.43,1.38,0.82
Kitchen Culture,5TI,KCHL.SI,24.392,13.533,,,Retailers,41,-37.27,81.58,70.37,,-28.4,,,,19.58,
KLW,504,KLWH.SI,16.142,25.632,,,Cyclical Consumer Products,33,50,0,-25,0,-7.87,-2.7,,6.15,-16.6,0.45
Koda,BJZ,KODA.SI,28.624,87.555,3.64,2.9,Cyclical Consumer Products,75,-4.17,-40.22,-44.08,-44.71,8.93,14.2,2.55,1.51,5.4,
Koh Bros,K75,KBRO.SI,71.394,353.712,11.67,,Industrial & Commercial Services,48,-2.98,-18.5,-24.19,-25.91,2.3,1.97,2.59,114.12,-12.37,0.31
Koh Eco,5HV,KBEE.SI,77.942,290.623,11.71,,Industrial & Commercial Services,47,-2.5,-15.22,-23.53,-2.5,2.13,5.8,3.85,52.58,-11.62,0.74
Koon,5DL,KOON.SI,11.05,89.27,,,Industrial & Commercial Services,,0,0,0,82.61,-107.88,-974.66,,125.64,-20.38,
KOP,5I1,KOPL.SI,36.563,21.671,,,Cyclical Consumer Services,60,-17.5,-17.5,-49.23,-32.65,-1.94,-0.15,12.94,34.73,26.27,0.42
Kori,5VC,KORI.SI,21.824,17.263,198.2,,Industrial & Commercial Services,67,0,-21.43,-25.42,-26.67,0.64,0.21,10.85,8.54,-33.94,0.66
Koufu,VL6,KOUF.SI,360.856,237.507,13.03,3.85,Cyclical Consumer Services,,5.69,-7.8,-15.03,-6.47,11.72,28.59,3.63,5.22,6.11,3.74
Koyo Intl,5OC,KOYO.SI,18.436,19.903,45.85,1.06,Industrial & Commercial Services,57,20.51,34.29,46.88,40.3,1.96,1.98,24.26,0.74,-16.44,0.59
KrisEnergy,SK3,KRIS.SI,45.085,179.332,,,Energy - Fossil Fuels,49,0,0,0,0,-133.45,,,2018.92,-12.62,3.54
KS Energy,578,KSTL.SI,14.51,36.257,,,Energy - Fossil Fuels,10,10,-35.29,-59.26,-31.25,-291.21,,,,-19.05,
KSH,ER0,KSHH.SI,182.315,250.524,21.71,6.88,Industrial & Commercial Services,73,8.47,-14.67,-28.09,-28.89,3.64,2.52,15.78,42.13,61.86,0.99
KTL Global,EB7,KTLG.SI,4.419,,,,Cyclical Consumer Services,23,-6.67,-39.13,-72,-70.21,,,,,,
KTMG,XCF,KTMG.SI,12.047,87.571,,,Cyclical Consumer Products,,-52.67,-40.83,-52.67,-66.98,-2.17,-12.59,86.05,130.93,,1.39
Lafe,AYB,LAFE.SI,16.467,20.856,,,Real Estate,30,0,0,0,182.61,-33.5,-12.04,,0,0.88,
Lasseters Intl,5EL,LASS.SI,5.841,41.488,,,Cyclical Consumer Services,45,0,-65.71,-65.71,,-12.2,-11.63,4.21,150,4.11,
LCT,BJL,LCTH.SI,15.867,3.32,11.38,,Technology Equipment,37,0,-13.04,-15.79,26.98,38.43,4.24,12,0,30.22,0.45
Leader Env,LS9,LETL.SI,33.329,7.888,,,Industrial & Commercial Services,35,5.88,107.69,500,,-60.02,-48.79,,90.17,-10.49,
Lendlease Reit,JYEU,LEND.SI,783.552,,,,Real Estate,,16.52,-22.09,-28.34,,,,,,,
Ley Choon,Q0X,LEYC.SI,16.587,99.139,,,Industrial & Commercial Services,71,7.69,-12.5,0,0,-6.41,-24.47,5.81,193.72,-3,0.75
LHN,41O,LHNL.SI,40.245,109.114,4.71,5,Real Estate,83,-9.09,-18.7,-22.48,-28.57,8.33,8.86,1.75,55.58,,0.69
LHT,BEI,LHTH.SI,33.278,38.12,15.06,4.8,Applied Resources,63,5.93,23.76,16.82,5.93,5.79,4.23,5.25,0.98,-11.01,0.7
Lian Beng,L03,LIBG.SI,196.011,535.314,5.03,6.08,Industrial & Commercial Services,54,-2.63,-24.49,-25.25,-22.92,8.04,5.31,3.32,87.56,31.75,0.34
Libra,5TR,LIGL.SI,7.527,93.762,,,Industrial & Commercial Services,49,0,0,0,-53.33,-17.46,-56.84,,138.2,10.61,0.77
LifeBrandz,1D3,LIFE.SI,1.223,5.556,,,Cyclical Consumer Services,19,0,-50,-60,-60,-58.44,-598.9,,3.51,29.96,2.2
Linc Energy,BRE,LINC.SI,16.341,67.088,,,Energy - Fossil Fuels,56,,,,,-481.33,-1132.84,,323.38,-41.29,1.9
Lion Asiapac,BAZ,LIAS.SI,25.953,19.131,,1.56,Mineral Resources,46,-12.33,-20,-24.71,-27.27,-0.48,-0.12,39.26,0,-35.46,0.46
LionGold,A78,LION.SI,31.706,63.355,,,Mineral Resources,38,0,0,0,0,-5.13,-13.3,8.14,117.13,-10.46,0.62
Lippo Malls Tr,D5IU,LMRT.SI,393.707,272.017,,14.56,Real Estate,70.3,-6.21,-35.24,-43.33,-36.74,-2.32,-1.96,708.11,60.56,10.09,0.51
Lonza,O6Z,LONN.S,35112.016,5920,46.15,0.58,,,11.89,23.3,38.84,52.1,12.89,11.99,,65.33,12.57,3.03
Lorenzo Intl,5IE,LRZI.SI,6.991,30.006,,,Retailers,21,,,,,-16.55,,,,3.27,
Low Keng Huat,F1E,LKH.SI,291.832,46.71,22.83,3.8,Industrial & Commercial Services,51,1.28,-1.25,-7.06,-27.52,26.11,1.95,18.87,74.83,-72.75,0.65
Lum Chang,L19,LUCS.SI,115.509,337.94,4.34,6,Industrial & Commercial Services,64,-4.76,-15.49,-10.45,-10.45,9.14,10.61,3.36,93.85,45.34,0.53
Lung Kee Bermuda,L09,0255.HK,1351.789,2277.883,9.05,10.28,Industrial Goods,,-4.46,-13.01,-18.32,-32.7,6.56,6.98,4.18,0,-11.73,1
Luxking,BKK,LUKG.SI,4.681,80.684,,,Chemicals,51,0,0,-5.13,,-14.51,-43.93,,77.74,-12.52,0.21
Luzhou Bio-Chem,L46,LUZH.SI,4.752,405.104,,,Food & Beverages,44,-27.27,-46.67,-55.56,33.33,-4.33,,,15151.12,-8.13,
LY Corp,1H8,LYCO.SI,87.068,80.142,86.4,2.3,Cyclical Consumer Products,,2.89,-8.25,-10.1,-13.17,0.67,1.38,26.71,1.5,-6.57,1.65
M Development,N14,MDVT.SI,4.003,0.006,,,Mineral Resources,25,,,,,24816.67,29.72,2.62,1.85,-99.69,
Magnus Energy,41S,MAGN.SI,12.633,15.907,,,Energy - Fossil Fuels,52,0,0,0,0,-115.13,-122.57,,0,-16.07,0.54
Man Oriental USD,M04,MOIL.SI,1819.034,566.5,,2.08,Cyclical Consumer Services,,2.86,-12.2,-19.1,-24.21,-9.81,-2.08,50.11,56.68,-7.69,2.09
Manhattan Res,L02,MANH.SI,56.744,13.543,,,Transportation,30,90,-17.39,-48.65,-5,-220.9,-35.71,,21.34,-51.89,0.29
ManulifeReit USD,BTOU,MANU.SI,1305.971,177.853,24.72,7.17,Real Estate,74.7,14.48,-14.43,-13.99,-2.63,26.74,4.1,,62.71,23.04,0.93
Mapletree Com Tr,N2IU,MACT.SI,6625.505,482.825,10.92,3.31,Real Estate,82,2.04,-4.76,-15.25,5.12,112.48,10.44,12.2,50.91,8.77,1.18
Mapletree Ind Tr,ME8U,MAPI.SI,5988.08,405.858,15.84,3.77,Real Estate,84.5,6.67,1.49,8.37,30.14,90.46,11.11,16.31,45.83,7.91,1.39
Mapletree Log Tr,M44U,MAPL.SI,7799.214,490.777,20.23,,Real Estate,85.9,13.89,10.81,21.3,39.46,80.55,7.8,19.58,64.22,8.04,1.13
Mapletree NAC Tr,RW0U,MAPE.SI,2807.794,354.478,21.51,8.53,Real Estate,85.8,-11.64,-24.09,-29.24,-37.22,35.06,2.66,22.37,62.54,-13.26,0.91
MarcoPolo Marine,5LY,MAPM.SI,45.849,30.181,,,Transportation,42,0,-35,-27.78,-23.53,-12.81,-3.48,12.85,0.14,13.65,0.87
Maruwa Yen1k,M12,5344.T,101697.844,41231.43,17.2,0.63,Technology Equipment,,7.87,19.65,9.02,62.77,14.29,10.3,12.3,0,0.09,1.17
Mary Chia,5OX,MARY.SI,18.065,9.362,,,Personal & Household Products & Services,46,0,0,26.67,163.89,-42.77,,,,9.64,
Matex Intl,M15,MATE.SI,3.743,38.303,,,Chemicals,63,-30,0,27.27,16.67,-23.47,-27.76,,35.73,-11.63,0.12
Maxi-Cash Fin,5UF,MAXI.SI,132.512,218.478,8.93,10.55,Retailers,69,-0.78,-7.25,-5.19,2.4,6.84,10.67,5,217.17,7.28,1
MDR,A27,MDRT.SI,90.708,285.691,,4.65,Retailers,86,0,0,0,0,0.36,0.73,13.27,11.8,7.86,1
Medinex,OTX,MEDN.SI,26.242,10.523,27.66,9.45,Industrial & Commercial Services,,0,-20,-20,-25.93,12.16,10.04,16.78,0.32,64.66,
Medtecs Intl,546,MTCS.SI,140.1,97.761,85.27,,Healthcare Services,52,133.94,174.19,628.57,920,1.69,1.85,14.4,65.48,0.99,0.17
MegaChem,5DS,MEGA.SI,35.991,113.785,9.36,4.81,Chemicals,75,-15.63,-16.92,-15.63,-18.18,3.5,7.94,6.91,41.39,-3.47,
MeGroup,SJY,MEGR.SI,16.972,88.694,110.85,,Automobiles & Auto Parts,,18.33,-21.11,-36.15,-24.69,0.35,1.92,11.24,69.95,30.33,
Memiontec,SYM,MEMI.SI,50.659,,,0.5,Utilities,,-4.17,,,,,,,,,
Memories,1H4,MEMO.SI,19.083,13.833,,,Cyclical Consumer Services,,15.15,-60,-60,-48.65,-125.92,-22.48,,27.22,,0.38
Memstar Tech,5MS,MEMS.SI,3.289,0,,,Chemicals,32,,,,,,,,,,
Mencast,5NF,MCHL.SI,11.162,60.709,2.04,,Energy - Fossil Fuels,58,62.5,0,-72.92,-72.04,8.49,22.75,0.64,627.22,-7.57,1.6
Mercurius,5RF,MERC.SI,31.912,0,,,Cyclical Consumer Products,36,-40.48,-35.9,-47.92,-19.35,,-51.44,,0,,66.8
Mermaid Maritime,DU4,MMPC.SI,113.066,145.014,,,Energy - Fossil Fuels,72,35.59,-15.79,-12.09,12.68,-29.28,-10.15,,20.86,-0.24,0.25
Metal Component,5DX,META.SI,9.353,45.46,46.3,,Mineral Resources,47,19.05,-3.85,-26.47,47.06,0.44,1.26,2.82,66.86,-2.98,0.74
Metech Intl,V3M,METE.SI,16.406,67.284,,,Industrial & Commercial Services,55,5.81,17.14,3.14,38.98,-3.13,-80.3,,112.83,-6.65,3.7
Metro,M01,MTHL.SI,607.031,224.188,7.27,2.74,Retailers,68,3.55,-14.12,-22.34,-27.03,37.5,5.65,6.56,7.02,49.31,0.62
Mewah Intl,MV4,MEWI.SI,300.133,3992.896,18.18,2.3,Food & Beverages,63,0,-11.11,-13.04,-24.53,0.41,2.24,6.42,86.78,-4.4,0.53
MFG Integration,M11,MITD.SI,20.41,9.823,,221.18,Technology Equipment,58,4.94,-3.41,0,-29.69,-101.15,-30.55,,15.91,-47.49,0.96
Micro-Mechanics,5DD,MMEC.SI,240.525,61.766,17.92,5.78,Industrial Goods,101,-1.14,4.22,-3.89,13.68,21.72,24.19,11.97,3.91,-0.5,4.22
Midas,5EN,MIDA.SI,381.71,,,,Mineral Resources,9,,,,,,,,,,
MindChamps,CNE,MIND.SI,74.896,53.89,10.81,,Personal & Household Products & Services,65,-7.46,-21.52,-40.38,-52.31,12.89,11.21,4.67,34.45,45.81,2.03
Mirach Energy,AWO,MIEL.SI,32.426,4.868,,,Food & Beverages,41,-6.67,94.44,-30,-33.33,0.32,-24.83,146.66,0,-7.44,146.46
Miyoshi,M03,MIYO.SI,16.542,53.984,,7.41,Technology Equipment,87,3.85,-3.57,-18.18,-37.21,-12.02,-10,,12.58,3.64,0.39
MM2 Asia,1B0,MM2A.SI,198.84,269.705,11.47,,Cyclical Consumer Services,70,-3.93,-22.27,-38.93,-28.75,9.98,8.04,3.86,102.05,7.91,2.15
MMP Resources,F3V,MMPR.SI,11.718,0.163,,,Industrial & Commercial Services,55,25,66.67,25,25,-1614.11,,,,-21.63,
MoneyMax Fin,5WJ,MFSL.SI,51.655,182.242,6.08,3.42,Retailers,57,0.69,-2.67,-5.81,14.06,5.25,11.26,2.42,234.82,24.39,0.74
Moya Asia,5WE,MOYA.SI,264.826,205.786,15.95,,Industrial & Commercial Services,58,8.62,-13.7,-5.97,-18.18,8.24,5.99,5.11,97.95,8.71,1.09
MS Hldgs,40U,MSHO.SI,11.439,15.071,26.24,,Industrial & Commercial Services,63,0,23.21,15,-4.17,2.79,1.62,2.98,118.86,27.86,0.38
MSC,NPW,MSCB.KL,280,983.567,8.36,2.86,Mineral Resources,,2.19,-11.95,-13.58,-22.65,3.4,9.3,5.44,84.2,-23.21,0.8
MSM Intl,5QR,MSML.SI,2.951,16.561,,,Industrial Goods,66,0,-20,3.7,,-2.7,-2.78,2.89,111.1,,0.41
MTQ,M05,MTLS.SI,47.593,74.302,6.86,,Energy - Fossil Fuels,88,4.76,-24.14,-8.33,15.18,9.07,10.17,4.21,59.61,-0.09,
Multi-Chem,AWZ,MCHE.SI,78.383,455.795,10,5.06,Technology Equipment,71,3.57,3.57,11.54,24.29,2.14,7.71,6.26,20.48,5.67,0.7
Mun Siong Engg,MF6,MSEL.SI,22.099,70.541,44.71,0.79,Industrial & Commercial Services,69,5.56,-19.15,-9.52,-5,0.71,0.9,5.88,0.18,12.19,
Murata Yen1k,PJX,,,,,,,,,,,,,,,,,
MYP,F86,MYPL.SI,103.51,22.118,,,Real Estate,57,6.56,-35,-38.1,-35.64,-3.38,-0.21,,128.3,-15.54,0.81
Nam Cheong,N4E,NMCG.SI,29.117,103.192,,,Industrial Goods,75,0,-33.33,-42.86,-50,-15.5,,,,-9.88,
Nam Lee Metal,G0I,NLPM.SI,74.342,143.655,7.55,4.92,Cyclical Consumer Products,67,0,-10.29,-18.64,-15.29,6.83,6.87,5.56,1.31,-8.41,0.63
Natural Cool,5IF,NCHL.SI,6.011,143.654,,,Industrial & Commercial Services,39,-27.27,-55.56,-55.56,-56.36,-1.83,-9.92,1.52,113.84,5.12,
NauticAWT,42D,NAUT.SI,20.649,8.743,,,Energy - Fossil Fuels,47,188.89,333.33,160,0,-2.54,,22.27,,-18.47,
Neo,5UJ,NEOG.SI,53.046,192.808,5.47,1.39,Cyclical Consumer Services,69,-5.26,-18.18,-14.29,-19.1,5.28,24.75,2.15,247.55,8.5,1.83
NeraTel,N01,NERA.SI,71.656,144.386,18.18,5.05,Technology Equipment,85,8.79,-23.85,-25.28,-29.29,2.73,6.05,12.44,8.25,-13.81,1.47
Net Pacific Fin,5QY,NPFH.SI,11.564,0.691,,,Banking & Investment Services,65,15.79,4.76,-4.35,-15.38,-275.46,-9.23,,0,1.45,0.76
NetLink NBN Tr,CJLU,NETL.SI,4013.88,365.613,46.86,4.9,Telecommunications Services,73.3,3,5.1,10.16,24.1,23.43,2.9,15.9,21.08,5.63,0.99
New Silkroutes,BMT,NEWS.SI,40.051,671.671,49.39,,Healthcare Services,73,-5.03,-14.09,-19.57,-27.31,0.37,1.2,6.37,63.7,-26.25,1.04
New Toyo,N08,NTYO.SI,56.246,302.015,,11.72,Applied Resources,70,-5.19,-14.67,-16.34,-34.36,-4.05,-6.88,6.16,40.86,11.31,0.61
New Wave,5FX,NEWW.SI,12.092,14.19,,,Mineral Resources,44,40,0,16.67,16.67,-14.19,-10.13,,27.21,-22.94,0.93
NGSC,B07,NGSC.SI,6.425,0,0.76,,Telecommunications Services,40,0,0,0,-50,,34.14,1.11,0,,0.38
Nico Steel,5GF,NICO.SI,9.924,19.855,,,Mineral Resources,42,0,0,-33.33,-50,-9.7,-8.43,,14.78,-7.19,0.85
Nippecraft,N32,NIPP.SI,8.434,170.967,,,Applied Resources,67,14.29,-4,-7.69,-31.43,-0.72,-2.82,,5.35,4.86,0.32
No Signboard,1G6,NOSI.SI,9.71,23.21,,,Cyclical Consumer Services,39,-4.55,-48.78,-63.79,-66.13,-32.56,-44.2,,4.73,-14.93,1.73
Noble,CGP,NOBG.SI,106.81,,,,Industrial & Commercial Services,8,,,,,,,,,,
Noel Gifts Intl,543,NOEL.SI,17.421,22.44,,0.59,Retailers,30,0,-11.46,-15,-14.56,-0.5,-0.35,17.1,0,-11.66,0.57
Nomura Yen1k,N33,8604.T,1617170.125,1952482,7.23,4.32,Banking & Investment Services,,5.11,-3.46,-17.44,30.91,11.24,8.21,5.72,1004.01,6.4,0.5
Nordic,MR7,NRGL.SI,90,84.627,10.4,3.77,Industrial & Commercial Services,67,4.65,-16.67,-15.09,-16.67,10.02,10.16,7.66,50.38,-7.71,1.94
NSL,N02,NATS.SI,261.491,272.35,,7.14,Mineral Resources,43,-12.5,-17.16,-27.84,-33.33,-13.79,-6.28,,3.95,-3.86,0.74
Ntegrator Intl,5HC,NTOR.SI,7.46,30.24,,,Software & IT Services,65,-12.5,0,0,0,-11.61,-11.88,,119.88,-6,0.42
NutryFarm,AZT,NUTR.SI,4.435,6.914,,,Software & IT Services,51,-23.33,-25.81,-44.58,-71.6,-38.47,-31.76,,236.92,-14.13,2.06
OCBC Bank,O39,OCBC.SI,37693.953,12097.662,7.74,6.2,Banking & Investment Services,115,-5.42,-19.34,-20.69,-20.39,17.6,10.77,6.83,71.84,9.49,1.14
Ocean Sky Intl,1B6,OCEA.SI,17.223,23.819,,,Industrial & Commercial Services,70,-4.76,-11.11,-11.11,-42.86,-35.11,-16.79,,24.35,7.69,
Oceanus,579,OCGL.SI,121.485,9.884,,,Food & Beverages,19,66.67,66.67,0,66.67,-34.84,-15.88,,3.13,158.99,4.52
OEL,584,OELH.SI,17.153,0.18,,,Real Estate,30,0,15,283.33,360,-530.56,-15.91,,18.46,-75.61,0.72
OKH Global,S3N,OKHG.SI,19.187,16.331,,,Industrial & Commercial Services,56,6.25,-19.05,6.25,-22.73,-29.78,-5.3,,177.49,-31.49,0.25
OKP,5CF,OKPH.SI,53.975,81.397,,4,Industrial & Commercial Services,74,-2.78,-2.78,-11.17,-14.63,0.84,-0.31,12.95,22.58,-10.01,0.49
Olam Intl,O32,OLAM.SI,4677.557,32992.723,9.05,5.59,Food & Beverages,102,-4.67,-15.88,-19.66,-19.21,1.59,7.98,4.56,178.14,8.25,0.83
Old Chang Kee,5ML,OCKL.SI,84.355,88.657,23.29,3.6,Cyclical Consumer Services,58,6.11,-3.47,-6.08,-10.32,4.08,12.84,6.27,37.67,-0.64,3.36
Olive Tree,1H2,OLIV.SI,7.574,1.127,,,Real Estate,60,0,0,205.56,,-110.91,-13.27,,117.92,-68.46,
OneApex,5SY,ONEA.SI,16.055,5.934,,,Real Estate,62,0,39.71,35.71,0,-18.66,-8.69,,0,49,
Ossia Intl,O08,OSSA.SI,13.642,23.658,2.52,12.41,Retailers,31,3.85,-60,-55,-52.63,22.66,13.84,1.93,9.61,-17.46,0.51
OUE,LJ3,OVES.SI,1128.842,930.837,4.38,1.74,Real Estate,67,6.38,-13.66,-20.57,-20.57,34.57,6.37,3.03,88.77,44.79,0.3
OUE Com Reit,TS0U,OUEC.SI,2080.881,279.728,16.38,7.61,Real Estate,70.8,-4.94,-19.79,-31.25,-21.43,50.57,4.07,14.19,72.01,49.08,0.62
OUE Lippo HC,5WA,OUEL.SI,177.725,19.649,52.63,,Healthcare Services,40,-2.44,-16.67,-29.82,-38.46,16.48,1.35,37.49,125.58,0.44,1.18
Ouhua Energy,AJ2,OUEH.SI,6.516,626.497,2.23,,Energy - Fossil Fuels,61,13.33,13.33,70,-29.17,0.47,7.77,0.78,79.3,16.22,
Overseas Edu,RQ1,OVER.SI,132.916,82.299,16.85,8.59,Personal & Household Products & Services,70,4.92,-8.57,1.59,10.34,9.58,5.58,5.38,82.33,-0.94,0.9
Oxley,5UX,OXHL.SI,1019.017,754.323,9.7,4.17,Real Estate,47,4.35,-22.58,-32.39,-21.31,12.96,7.2,9.3,274.43,-24.39,0.85
P5 Capital,5AI,P5CA.SI,14.496,9.774,,,Industrial Goods,58,23.81,-3.7,-21.21,550,-1.25,-0.85,34.39,1.04,1.25,0.97
Pacific Andes,P11,PACF.SI,191.48,1178.983,,,Food & Beverages,50,,,,,9.06,3.95,0.92,124,-23.8,0.33
Pacific Century,P15,PCEN.SI,781.204,17.536,24.85,9.36,Holding Companies,48,-1.67,-6.35,-10.61,-5.42,179.41,2.55,24.54,0.93,12.27,0.52
Pacific Radiance,T8V,PACI.SI,78.693,107.468,,,Energy - Fossil Fuels,41,,,,,-102.25,,,,16.96,
Pacific Star Dev,1C5,PACS.SI,21.6,3.108,,,Real Estate,43,0,-30.65,-66.41,-70.14,-1198.36,-318.33,,309.27,-85.8,1.16
Pan Asian,5EW,PANA.SI,4.284,23.372,10.47,9,Utilities,45,25,25,-4.76,33.33,1.87,2.6,3.37,24.3,-7.58,
Pan Hong,P36,PANH.SI,60.706,182.533,1.62,8.55,Real Estate,52,69.57,21.88,-3.31,32.95,20.3,27.78,1.62,8.14,6766.35,0.35
Pan Ocean,AZY,PANOx.SI,2187.921,2852.841,13.08,,Transportation,27,3.09,-13.04,-18.03,-28.57,5.6,4.92,5.45,44.35,-5.53,
PanUnited,P52,PANU.SI,210.599,768.258,10.1,3,Mineral Resources,61,5.26,-20,-17.81,5.26,2.72,10.42,4.69,66.03,-11.03,0.88
Parkson Retail,O9E,PRAL.SI,4.741,338.528,,,Retailers,53,40,-12.5,-22.22,-41.67,-13.43,-457.16,0.2,46.05,-17.49,0.32
ParkwayLife Reit,C2PU,PWLR.SI,2099.357,116.701,17.63,,Real Estate,76.6,5.15,1.17,6.77,15.67,102.02,10.32,,60.39,2.9,1.55
Pavillon,596,PAVI.SI,7.367,12.988,21.84,,Cyclical Consumer Services,29,35.71,5.56,-24,-20.83,9.73,1.07,2.17,0.75,-9.67,0.3
PEC,IX2,PECL.SI,113.793,484.189,11.27,4.49,Energy - Fossil Fuels,50,-3.26,-19.09,-23.28,-24.58,2.36,4.35,4.66,8.19,27.3,0.63
Penguin Intl,BTM,PGUN.SI,110.085,136.337,5.67,3.5,Transportation,52,-1.96,-23.66,-28.06,9.89,14.24,12.14,3.74,0.71,27.1,0.43
Perennial Hldgs,40S,PERE.SI,1123.972,124.22,293.48,0.3,Real Estate,100,48.35,37.76,25,5.47,4.39,0.14,51.31,108.61,58.73,0.38
Pharmesis Intl,BFK,PHAR.SI,4.83,7.38,,,,43,27.27,-6.67,-16,2.44,-51.76,-23.19,,16.62,-42.17,0.32
Pine Cap,ADJ,PINC.SI,6.643,1.674,,,Banking & Investment Services,38,,,,,-268.22,-104.34,,0,-13.53,1.26
Plastoform,AYD,PFML.SI,0.521,2.691,,,Technology Equipment,6,,,,,-54.7,,,,-66.27,
Plato Capital,5PI,PLAT.SI,9.735,0.968,,,Software & IT Services,48,-1.96,-36.71,-47.37,11.11,-242.82,-1.81,,25.52,-18.76,0.24
PNE Industries,BDA,PNEI.SI,67.973,102.183,8.35,6.17,Industrial Goods,47,5.1,2.47,-10.8,10.7,7.97,9.91,7.56,0,27.98,0.83
Polaris,5BI,POLA.SI,68.213,54.361,200,,Retailers,30,33.33,33.33,300,33.33,0.47,0.55,72.57,7.52,135.76,0.85
Pollux Prop,5AE,PLPS.SI,35.873,14.937,5.16,,Real Estate,26,-51.85,-60.61,-74.51,-45.83,46.65,3.65,4.77,89.93,,0.45
Powermatic Data,BCY,PMDS.SI,85.927,26.504,8.34,2.08,Technology Equipment,37,12.15,-4,-12.73,43.5,37.98,17.17,8.16,0,56.18,0.98
Prime US ReitUSD,OXMU,PRIE.SI,785.347,,,,Real Estate,,0.68,-21.99,-24.37,,,,,,,
Procurri,BVQ,PROC.SI,77.705,221.289,20.03,,Software & IT Services,52,1.92,3.92,-41.76,-11.67,1.71,6.52,5.22,20.4,0.48,1.11
Progen,583,POGN.SI,4.686,9.522,,,Industrial & Commercial Services,55,0,-42.86,-47.83,-72.73,-23.71,-6.92,,0,333.02,0.62
PropNex,OYY,PROP.SI,190.55,481.243,7.44,3.88,Real Estate,,8.42,-5.5,0.98,0,5.61,35.14,6.18,4.59,19.42,3.09
Prudential USD,K6S,PRU.L,27314.736,76108.945,17.16,3.44,Insurance,,-1.51,-17.36,-23.94,-24.15,2.08,9.38,15.43,73.06,161.5,1.8
PSL,BLL,PSLL.SI,2.06,2.831,,,Industrial & Commercial Services,27,2.78,-60.22,-65.09,-69.17,-18.3,-2.7,7.86,0,-55.73,0.25
Q&M Dental,QC7,QMDT.SI,366.224,127.963,19.9,6.2,Healthcare Services,56,-5.21,1.11,-7.14,-8.08,14.21,15.46,11.32,78.29,5.92,3.55
QAF,Q01,QAFS.SI,440.08,863.892,15.96,6.54,Food & Beverages,62,-6.71,-7.83,-3.77,-0.65,3.27,5.41,6.01,21.5,6.02,0.66
Qian Hu,BCV,QIAN.SI,13.737,76.915,14.92,2.48,Food & Beverages,92,-6.92,-19.33,-20.92,-24.38,1.23,1.88,3.42,36.21,-10.22,
QT Vascular,5I0,QTVA.SI,6.706,11.273,,,Healthcare Services,49,-25,-25,0,0,-122.43,-74.3,,13.5,-28.76,0.61
Raffles Edu,NR7,RLSE.SI,109.384,101.286,1.62,,Industrial & Commercial Services,44,-2.6,-9.64,-14.77,-13.79,64.13,10.56,1.37,60.81,4.76,0.27
Raffles Infrastructure,LUY,RAFL.SI,25.825,37.179,2.98,,Industrial & Commercial Services,30,15.15,15.15,61.7,-12.64,19.13,15.99,3.63,0,0.01,
Raffles Medical,BSL,RAFG.SI,1701.26,522.038,28.03,2.69,Healthcare Services,64,6.9,-6.53,-6.53,-8.82,11.59,7.34,18.95,14.55,6.73,2.47
RE&S Hldg,1G1,RESH.SI,25.488,130.389,,6.25,Cyclical Consumer Services,67,-10,-44.19,-53.55,-60,-4.2,-16.09,1.47,29.67,-8.64,1.79
Reclaims Global,NEX,RECL.SI,41.92,34.213,26.62,,Industrial & Commercial Services,,0,-3.03,28,45.45,4.56,7.99,10.3,0,8.3,
Reenova Investment,5EC,REEN.SI,13.222,0,,,Banking & Investment Services,34,50,50,0,0,,-19.98,,5.73,-100,0.75
Regal Intl,UV1,REGI.SI,3.149,16.691,,,Real Estate,28,27.27,-6.67,16.67,-48.15,-70.8,-81.62,,118.56,-57.33,1.12
Renaissance United,I11,RENA.SI,6.181,57.322,,,Utilities,17,0,0,-50,-50,-63.52,-64.73,,23.95,-10.03,0.17
Resources Gbl,QSD,RESU.SI,18.9,84.425,20.61,,Energy - Fossil Fuels,,0,0,,,1.19,,4.87,,88.63,
Resources Prima,5MM,RESO.SI,49.135,0.089,,,Energy - Fossil Fuels,61,,,,,-3985.71,,,,-93.07,
Revez,RCU,REVE.SI,56.95,5.614,,,Software & IT Services,,-2.86,36,23.64,,-216.96,-403.86,,,1045.35,
Rex Intl,5WH,REXI.SI,203.904,0.191,7.28,,Energy - Fossil Fuels,72,35.96,-20.1,-15.3,167.24,16465.93,14.94,6.1,22.2,-66.83,0.44
RH PetroGas,T13,RHPG.SI,13.217,92.584,3.99,,Energy - Fossil Fuels,35,12.5,-28,-35.71,-55,-1.63,,0.84,,15.14,
RHT HealthTrust,RF1U,RHTH.SI,15.417,-67.135,,226.32,Real Estate,46.2,0,0,0,-5,,-16.42,,52.91,-174.04,0
Rich Capital,5G4,RICH.SI,22.028,0,,,Mineral Resources,35,0,0,0,-25,,-16,,39.34,,2.67
Riverstone,AP4,RVHL.SI,1655.668,322.37,38.87,1.1,Healthcare Services,80,90.6,116.5,134.74,143.72,13.19,17.41,28.48,2.82,7.38,3.61
Roxy-Pacific,E8Z,RXYP.SI,466.081,444.03,15.26,3.62,Real Estate,64,9.23,-2.74,-10.13,-7.79,6.56,6.02,12.1,210.13,233.79,1.02
Ryobi Kiso,BDN,RKHL.SI,41.464,146.908,,,Industrial & Commercial Services,66,,,,,-40.04,-96.83,,97.63,1.18,0.6
Sabana Reit,M1GU,SABA.SI,347.518,76.338,16.82,7.41,Real Estate,44.5,1.54,-26.67,-29.79,-21.43,27.06,3.44,,59.84,-5.71,0.68
Sakae,5DO,SAKA.SI,6.39,36.715,,,Cyclical Consumer Services,19,12.5,-43.75,-36.62,-66.67,-27.57,-32.02,,148.8,-21.56,
Samko Timber,E6R,SAMT.SI,40.412,382.019,93.66,,Applied Resources,57,-15,41.67,-22.73,-26.09,0.15,2.31,3.69,581.22,-9.15,4.34
SamuderaShipping,S56,SAMU.SI,69.009,529.791,12.42,,Transportation,73,0,-8.57,-15.79,-21.95,1.12,2.06,2.21,23.67,-11.49,0.35
Samurai,1C3,SAMR.SI,71.449,20.252,42.02,0.77,Chemicals,69,-7.14,-18.75,-18.75,-29.35,8.14,7.08,31.07,10.9,,6.51
Sanli Env,1E3,SANL.SI,15.582,63.648,29.74,4.31,Industrial & Commercial Services,63,16,-7.94,-24.68,-66.67,1.02,2.01,8.54,11.38,-20.02,
Santak,580,SATK.SI,8.606,13.152,,,Industrial Goods,37,0,-5.88,-19.19,,-14.56,-9.36,,1.12,-14.51,0.42
Sapphire,BRD,SAPP.SI,22.417,343.489,3.92,,Industrial & Commercial Services,67,27.91,1.85,-6.78,-51.75,1.55,4.86,1.27,55.7,-3.64,0.39
Sarine Tech,U77,SARI.SI,76.035,72.74,,4.17,Industrial Goods,34,-6.52,-31.75,-46.25,-23.21,-2.67,-2.19,17.75,0,-12.27,1.78
Sasseur Reit,CRPU,SASS.SI,958.943,114.924,7.73,6.67,Real Estate,45.2,8.84,1.27,-6.43,2.56,107.52,11.38,,46.57,-7.23,0.87
SATS,S58,SATS.SI,2989.99,1979.619,13.26,7.14,Transportation,115,-18.9,-34,-46.59,-47.12,11.93,13.94,8.67,6.04,11.22,3.24
SBI Offshore,5PL,SBIO.SI,7.99,0.01,,,Energy - Fossil Fuels,23,3.23,-17.95,-17.95,,-27057.14,-13.27,,0,-68.18,
SBS Transit,S61,SBVV.SI,842.035,1445.297,10.35,4.83,Transportation,87,-10.6,-18.43,-29.5,-32.5,5.62,15.86,4.54,15.05,4.46,1.69
Second Chance,528,SECD.SI,135.194,30.806,21.7,4.75,Retailers,74,1.13,-28.4,-15.76,-21.03,20.22,2.38,20.78,14.53,-4.24,0.62
Secura,43B,SECU.SI,31.6,38.704,,3.8,Industrial & Commercial Services,69,46.3,58,43.64,16.18,-11.52,-10.32,,23.93,-6.13,0.66
Sembcorp Ind,U96,SCIL.SI,2431.065,9619,9.9,3.68,Utilities,115,-16.05,-25.68,-37.9,-44.26,2.26,3.62,2.71,158.1,-17.71,0.67
Sembcorp Marine,S51,SCMN.SI,1421.815,2882.56,,,Industrial Goods,79,-9.33,-37.04,-46.03,-52.45,-4.86,-6.12,13.9,182.96,-41.03,1.39
Sen Yue,5BS,SENY.SI,21.654,243.442,733.33,,Mineral Resources,64,0,-21.43,-18.52,46.67,0.01,0.05,6.63,147.73,1.09,0.48
Serial System,S69,SERL.SI,54.347,1121.987,4.72,5.83,Industrial Goods,44,-9.09,-24.05,-25,-33.33,0.83,5.82,3.43,157.27,-48.16,0.41
Seroja Inv,IW5,SERO.SI,28.108,0,,,Transportation,61,56.52,2.86,-1.37,84.62,,-11.46,1.75,22.29,,0.28
Serrano,40R,SERR.SI,169.328,5.05,,,Industrial & Commercial Services,15,,,,,-66.11,-180.02,,62.31,251.59,
SEVAK,BAI,SEVA.SI,16.921,290.848,14.78,,Telecommunications Services,52,-34.01,-44.21,-52.73,-63.69,0.36,2.53,6.34,12.04,3.48,1.08
SGX,S68,SGXL.SI,8873.199,1022.328,19.58,3.62,Banking & Investment Services,121,-14.2,-2.47,-6.44,11.14,44.47,44.07,16.5,0,16.87,7.99
Shanghai Turbo,AWM,SHTU.SI,27.468,2.817,,,Industrial Goods,27,0,0,0,0,-388.02,-49.41,,11.53,-47.36,
Shangri-La HKD,S07,0069.HK,23879.598,18848.246,20.12,1.2,Cyclical Consumer Services,,4.39,-2.06,-17.98,-33.4,6.98,2.44,6.04,81.65,-3.44,0.84
Sheng Siong,OV8,SHEN.SI,2360.553,991.284,31.18,2.26,Food & Drug Retailing,61,6.08,26.61,25.6,44.04,7.64,25.1,20.09,0,11.26,5.49
Shinvest,BJW,SHIN.SI,79.548,14.997,0.49,3.38,Industrial Goods,34,6.4,-22.9,18.22,177.08,1083.1,132.23,0.49,23.66,-14.35,0.48
Shopper360,1F0,SHOP.SI,10.868,55.659,6.04,2.95,Cyclical Consumer Services,53,-3.06,-20.83,-24,-20.83,3.61,10.7,3.79,0.44,13,1.14
SHS,566,SEEH.SI,115.123,26.39,,,Industrial & Commercial Services,50,0.62,-4.14,-4.71,-7.43,-26.09,-2.25,,11.26,-43.38,0.68
SIA,C6L,SIAL.SI,11374.216,15975.9,,2.09,Transportation,99,-11.26,-32.23,-41,-40.68,-1.06,-1.88,5.62,50.08,-2.13,0.86
SIA Engineering,S59,SIAE.SI,2023.409,994.1,10.43,6.11,Transportation,92,-3.74,-26.23,-36.17,-25.62,19.16,12.28,7.59,1.26,-2.62,1.8
SIIC Environment,BHK,SIIC.SI,585.634,1126.136,5.09,8.89,Utilities,49,-2.17,-8.16,-11.76,-23.73,12.89,7.05,2.73,167.83,3.75,0.54
Silkroad Nickel,STP,SILK.SI,47.018,21.966,,,Mineral Resources,38,-5.26,-10,-34.55,-41.94,0.89,1.11,25.36,1.45,277.56,2.65
Silverlake Axis,5CP,SLVX.SI,633.671,227.986,8.67,7.23,Software & IT Services,88,-2.08,-21.67,-44.71,-55.66,31.47,38.31,7.76,8.78,13.46,6.54
Sim Leisure,URR,SIMI.SI,39.865,7.125,2588.46,,Cyclical Consumer Services,,23.16,28.76,31.76,23.16,1.05,0.55,45.78,47.46,3.8,
Sin Ghee Huat,B7K,SGHC.SI,35.52,44.6,23.05,3.75,Mineral Resources,43,-13.51,-25.58,-21.95,-27.27,3.45,1.82,15.33,0.85,-9.36,0.59
Sin Heng Mach,BKA,SIHM.SI,32.169,73.79,,,Industrial Goods,55,-9.68,-9.68,9.8,7.69,-1.73,-1.14,3.34,17.27,-14.87,0.33
Sinarmas Land,A26,SINA.SI,818.877,1172.871,1.98,2.11,Real Estate,63,-4.26,-14.29,-29.41,-25,61.76,16.86,1.11,90.89,35.73,0.52
Sincap,5UN,SINC.SI,10.206,65.6,22.74,,Energy - Fossil Fuels,31,-14.29,-33.33,0,20,0.69,1.04,20.52,28.7,23.68,0.36
Sing Inv & Fin,S35,SINV.SI,185.998,87.485,9.7,5.08,Banking & Investment Services,95,5.36,-14.49,-18.06,-19.18,37.97,5.13,9.07,2.66,11.14,0.67
Singapore O&G,1D8,SINP.SI,95.361,39.757,,3.1,Healthcare Services,83,-6.98,-13.04,-32.2,-44.44,-2.85,-2.8,88.79,0,14.64,3.74
Singapore-eDev,40V,SINE.SI,64.786,,,,Real Estate,73,27.91,66.67,27.91,34.15,,,,6.24,,0.99
SingaporeKitchen,5WG,SING.SI,13.95,33.022,,5.56,Cyclical Consumer Products,68,12.5,4.65,-18.18,-25,-0.27,-0.46,8.31,28.5,-1.61,
SingHaiyi,5H0,SIHL.SI,279.585,38.59,300,2.27,Real Estate,65,-7.04,-21.43,-28.26,-28.26,-37.99,0.15,,64.84,-68.43,0.6
SingHoldings,5IC,SHDS.SI,132.328,316.357,2.92,5.61,Real Estate,65,0,-16.46,-16.46,-13.16,20.96,16.44,1.99,90.11,315.06,0.6
SingMedical,5OT,SMGL.SI,115.925,94.672,8.77,,Healthcare Services,65,-4,-17.24,-20,-37.66,14.4,9.87,5.08,13.7,11.29,1.41
SingMyanmar,Y45,SINO.SI,8.484,32.166,,,Transportation,48,7.69,-12.5,-57.58,-78.46,-19.74,-17.07,,60.65,-7.24,1.1
SingPost,S08,SPOS.SI,1751.819,1313.783,19.96,4.55,Transportation,91,5.48,-1.91,-16.76,-17.2,7.63,6.42,10.41,18.03,-8,1.39
SingReinsurance,S49,SPRS.SI,175.514,107.943,17.88,4.48,Insurance,58,5.45,1.75,0,0,9.09,3.66,17.3,0,-6.74,0.65
SingShipping,S19,SSHP.SI,107.07,66.539,7.41,4.08,Industrial Goods,64,6.52,-14.04,-15.52,-12.5,21.2,11.06,4.16,72.54,-0.81,0.96
Singtel,Z74,STEL.SI,40659.461,16542.301,37.89,4.92,Telecommunications Services,129,-12.01,-17,-26.33,-22.19,6.36,3.8,11.19,35.74,-4.77,1.65
Singtel 10,Z77,,,,,,,,,,,,,,,,,
Sinjia Land,5HH,SINJ.SI,2.113,0.681,,,Cyclical Consumer Services,60,0,-21.43,-47.62,57.14,-618.21,-44.55,,1.55,29.47,0.18
Sino Grandness,T4B,SOGF.SI,19.54,597.27,0.38,,Food & Beverages,35,-5.56,-26.09,-58.54,-66.67,7.41,6.6,0.28,28.46,-9.99,0.19
SinoCloud,5EK,SINL.SI,14.311,7.545,,,Software & IT Services,42,0,0,0,0,-274.4,-53.96,,10.2,-20.26,0.32
Sinopipe,X06,SPHL.SI,41.822,0,,,Cyclical Consumer Products,36,,,,,,,,,,
Sinostar Pec,C9Q,SNSR.SI,95.36,687.311,5.86,3.36,Energy - Fossil Fuels,69,-5.7,-5.7,-29.05,-21.99,2.78,10.24,1.59,149.65,27.82,0.85
Sitra,5LE,SITR.SI,20.881,16.435,,,Applied Resources,61,54.55,21.43,41.67,41.67,-5.83,-7.43,,14.27,18.91,0.56
SK Jewellery,42G,SKJE.SI,47.813,138.774,7.37,5.88,Retailers,67,6.25,3.66,-13.27,-10.53,4.6,10.42,1.58,67.97,4.34,0.99
SLB Dev,1J0,SLBD.SI,105.908,37.939,30.05,,Real Estate,84,-3.33,-10.77,-4.92,-18.88,6.18,2.31,41.55,61.42,-66.91,1.02
Soilbuild Const,S7P,SOIL.SI,34.491,236.764,,,Industrial & Commercial Services,77,-2.38,-31.67,-31.67,-38.81,-3.86,-11.38,,65.31,13.51,0.81
SoilbuildBizReit,SV3U,SBSR.SI,492.922,89.883,17.08,,Real Estate,64.5,2.63,-21.21,-25.71,-34.91,27.91,3.3,,70.94,3.31,0.9
Soon Lian,5MD,SNLN.SI,5.94,31.139,7.31,,Mineral Resources,53,243.75,5.77,7.84,-8.33,2.61,2.79,3.28,29.35,-7.52,
Soup Restaurant,5KI,SRGL.SI,32.835,43.19,40.29,1.82,Cyclical Consumer Services,62,0,-20.29,-26.67,-37.14,1.76,7.26,3.26,0.15,-1.57,4.05
Southern Pkg,BQP,SOUT.SI,15.822,140.658,8.65,,Applied Resources,50,0,-25,-40.79,,1.3,1.67,1.08,51.14,-2.08,0.26
SP Corp,AWE,SPPS.SI,13.162,93.076,5.26,,Industrial & Commercial Services,75,4.17,-20.21,-26.47,-29.91,2.69,4.58,5.18,0,-31.75,0.3
Spackman,40E,SPAC.SI,12.056,28.48,,,Cyclical Consumer Services,68,11.11,-23.08,-28.57,-41.18,-17.09,-6.08,,9.51,-7.29,0.33
SPH,T39,SPRM.SI,2048.831,953.046,9.94,5.47,Cyclical Consumer Services,110,-15.79,-32.28,-41.55,-45.05,27.46,5.58,6.74,59.38,-1.52,1.15
SPHREIT,SK6U,SPHR.SI,2290.608,250.112,13.2,4.54,Real Estate,83.5,1.84,-17.82,-21.7,-20.19,68.95,6.19,13.27,45.07,15.44,1.1
Spindex Ind,564,SNEX.SI,92.292,158.049,6.42,4.13,Industrial Goods,51,6.67,-14.44,-18.37,-5.88,9.09,12.34,3.87,0,1.17,0.92
Spura Finance,S23,SBDS.SI,123.775,30.293,16.54,2.56,Banking & Investment Services,72,6.85,-9.83,-11.86,-14.29,35.29,2.9,14.32,0,9.1,0.55
Sri Trang Agro,NC2,,,,,,,61,,,,,,,,,,
ST Engineering,S63,STEG.SI,9960.76,7868.276,17.32,4.7,Industrial Goods,100,-7,-23.5,-22.76,-18.41,7.53,25.87,10.37,22.07,17.47,4.85
ST Group Food,DRX,STGR.SI,46.248,52.917,25.44,2.44,Cyclical Consumer Services,,-6,-23.27,-29.06,,4.12,10.69,6.56,23.14,,
Stamford Land,H07,SFLD.SI,274.037,203.777,8.64,2.86,Cyclical Consumer Services,70,-5.41,-25.53,-30,-26.32,16.9,6.61,6.14,20.7,-54.05,0.82
Stamford Tyres,S29,STAS.SI,44.516,220.411,,5.32,Automobiles & Auto Parts,62,-1.05,-8.29,-20,-30.37,-0.18,-0.33,5.65,74.96,-12.59,0.58
Starburst,40D,STAB.SI,88.811,9.244,,0.71,Industrial & Commercial Services,67,2.94,-14.63,-5.41,-7.89,-25.79,-10.01,,61.81,29.27,3.72
StarhillGbl Reit,P40U,STHL.SI,1062.697,195.262,18.63,7.55,Real Estate,84,-3,-28.15,-32.64,-34.9,29.15,2.95,18.56,57.49,-5.2,0.81
StarHub,CC3,STAR.SI,2355.046,2330.6,12.68,6.62,Telecommunications Services,101,-8.72,-8.72,-2.86,-9.33,7.66,36.31,4.24,202.46,-1.33,5.97
Starland,5UA,STHO.SI,23.157,5.879,75.81,18.75,Real Estate,62,92.77,6.67,73.91,0,5.2,0.98,75.17,6.08,-55.83,0.37
Straco,S85,STRA.SI,438.809,108.835,11.45,4.95,Cyclical Consumer Services,54,-3.81,-7.34,-25.19,-32.67,37.05,13.32,8.56,13.37,-7.67,2.1
Straits Trading,S20,STCM.SI,636.629,363.637,7.53,3.85,Mineral Resources,51,-3.7,-23.53,-25,-28.11,27.6,5.65,5.87,58.92,-20.25,0.57
StratechGroup,BRR,STRT.SI,10.692,5.513,,,Software & IT Services,,,,,,-124.34,,,,-15.91,
SunMoonFood,AAJ,SMFC.SI,34.524,36.391,,,Food & Beverages,40,29.41,12.82,-8.33,76,-8.93,-34.51,,0.86,-46.88,2.63
Sunningdale Tech,BHQ,SUND.SI,189.063,673.79,23.93,8.12,Industrial Conglomerates,58,-2.48,-18.6,-23.05,-23.05,1.19,2.13,4.25,28.77,-7.29,0.72
Sunpower,5GD,SUNP.SI,352.372,687.496,4.41,0.43,Industrial Goods,47,7.23,-15.24,-16.04,-10.1,11.8,22.77,3.21,167.71,0.37,1.41
Sunright,S71,SNRT.SI,39.298,124.277,,0.94,Technology Equipment,37,-5.88,-30.43,-27.27,-20.99,0.89,-0.58,1.53,36.67,-14.16,0.73
Sunrise Shares,581,SUNR.SI,3.977,1.421,,,Real Estate,57,26.67,26.67,-26.92,-48.65,-11.4,-3.62,,7.15,-70.69,0.62
Suntar Eco-City,BKZ,SECL.SI,28.242,0.645,,,,36,9.76,52.54,50,350,-1.17,-0.04,71184.87,0,-63.98,
Suntec Reit,T82U,SUNT.SI,4139.999,366.73,11.45,5.15,Real Estate,80.3,5,-13.53,-20.11,-18.78,107.73,6.73,10.46,61.95,0.89,0.84
SunVic Chemical,A7S,SVCH.SI,11.66,158.453,,,Chemicals,39,,,,,-119.11,-205.78,,74.13,-66.76,0.05
SUTL Enterprise,BHU,SUTL.SI,32.855,20.868,13.23,5.26,Cyclical Consumer Services,56,2.7,-14.61,-26.21,-30.28,8.6,4.3,4.31,0,4.97,0.87
Swee Hong,QF6,SWEE.SI,9.696,13.141,,,Industrial & Commercial Services,52,0,0,0,0,-454.86,,,214.03,-59.91,1.38
Swiber,BGK,SWBR.SI,52.605,1218.076,,,Energy - Fossil Fuels,35,,,,,-2.21,-4.97,1.04,192.3,24.21,0.2
Swing Media Tech,BEV,SWMT.SI,26.848,207.938,,,Technology Equipment,50,,,,,6.53,4.97,0.6,20.46,2.19,0.09
Swissco Hldg,ADP,SWCO.SI,37.719,50.131,,,Energy - Fossil Fuels,22,,,,,-890.84,-334.88,,82.09,-58.25,0.45
Synagie,V2Y,SYNA.SI,33.343,19.361,,,Software & IT Services,,3.81,3.81,-7.41,53.04,-43.65,-126.33,,0,20.62,4.75
Sysma,5UO,SYSM.SI,35.757,32.727,,7.3,Industrial & Commercial Services,48,-1.44,-9.87,-23.03,-12.18,-6.48,-3.84,,1.34,4.01,0.67
TA,PA3,TACO.SI,77.71,198.221,,,Real Estate,65,-2.6,-6.25,-5.66,-30.23,-5.44,-6.61,,216.46,33.19,0.68
Tai Sin Electric,500,TAIS.SI,131.952,329.301,8.46,7.89,Industrial Goods,80,-3.39,-8.06,-13.64,-12.31,4.71,8.63,6.07,25.69,-1.98,0.85
TalkMed,5G3,TALK.SI,560.173,75.919,15.63,5.41,Healthcare Services,64,3.66,-15,-16.67,-19.81,43.21,45.58,15.46,0,23.89,10.69
Tat Seng Pkg,T12,TASE.SI,67.596,,,4.65,Applied Resources,59,-4.44,-10.42,-19.63,-12.24,,,,67.76,,0.75
TCIL HK$,T15,0693.HK,3724.622,14533.351,17.49,5.95,Retailers,,0.54,-9.31,-11.48,-26,2.14,1.91,4.12,31.07,-7.62,0.44
Tech Oil & Gas,5CQ,TECH.SI,17.489,65.026,,,Energy - Fossil Fuels,24,,,,,-9.13,-7.26,11.64,154.58,-16.52,2.44
Teckwah,561,TECK.SI,103.93,174.459,11.59,3.37,Industrial & Commercial Services,53,1.14,-5.32,-1.11,11.25,6.25,5.87,3.42,2.81,8.11,0.69
TEE Intl,M1Z,TEEI.SI,16.204,362.393,,,Industrial & Commercial Services,86,4.17,-43.18,-50.98,-60.32,-16.69,-67.85,,316.71,31.36,0.75
Teho Intl,5OQ,TEHO.SI,2.825,57.721,9.45,,Industrial Goods,68,-7.69,-50,-20,,0.51,2.17,1.87,249.09,-10.26,0.36
TeleChoice Intl,T41,TCIN.SI,89.067,313.626,16.77,5.1,Technology Equipment,66,-0.51,-2,-2,-4.39,1.72,7.52,8.16,30.13,-36.22,1.41
ThaiBev,Y92,TBEV.SI,15822.897,11643.883,15.06,2.7,Food & Beverages,72,-8.7,-19.23,-29.21,-22.22,10.17,18.04,10.7,178.42,0.99,3.95
Thakral,AWI,THAK.SI,54.961,107.871,6.05,9.52,Real Estate,66,-1.18,-2.33,-7.69,-19.23,18.55,6.79,2.48,33.56,-31.35,0.43
The Place Hldg,E27,THEP.SI,76.449,2.293,1300,,Cyclical Consumer Services,68,-18.75,-7.14,-35,-48,3.49,0.09,117.98,0,27.53,1.96
TheHourGlass,AGS,HRGS.SI,451.208,755.532,5.79,4.69,Retailers,70,3.23,-11.72,-21.47,-14.67,10.47,13.78,4.27,5.29,5.59,0.82
Thomson Medical,A50,THOS.SI,1507.138,229.818,1900,,Healthcare Services,63,-6.56,3.64,-1.72,3.64,1.37,0.08,71.53,80.99,6.59,2.68
Tianjin ZX USD,T14,TIAN.SI,1401.49,958.374,6.59,,,58,1.39,0.69,-12.57,-17.51,8.99,12.19,14.34,9.45,12.54,0.81
TIH,T55,TIHL.SI,55.588,-11.48,,4.35,Banking & Investment Services,58,4.55,0,-2.13,-14.81,,-14.11,,0.27,-260.31,0.55
Tiong Seng,BFI,TISE.SI,68.944,405.55,6.29,3.33,Industrial & Commercial Services,74,0,-25,-25,-34.78,2.47,3.97,2.07,40.95,6.98,0.46
Tiong Woon,BQM,TION.SI,88.249,136.473,8.99,0.53,Industrial Goods,39,-5,-19.15,-16.48,33.33,7.17,3.83,2.16,41.87,32.56,0.26
TLV,42L,TLVH.SI,28.275,113.508,8.22,4.38,Retailers,72,4.17,-16.67,-18.03,-41.18,2.95,3.28,4.62,20.2,-2.94,0.51
Top Global,BHO,TPGB.SI,61.16,58.394,111.11,,Real Estate,54,-3.06,5.56,3.83,3.26,9.17,0.21,6.01,7.55,-26.84,
Top Glove,BVA,TPGC.KL,34683.281,4818.086,89.08,0.56,Healthcare Services,,83.2,135.82,195.56,164.94,7.82,11.65,59.04,87.23,1.52,4.66
Tosei,S2D,8923.T,52088.406,67136.828,5.12,3.92,Real Estate,,6.04,-7.83,-19.53,17.43,14.89,17.84,4.76,154.1,11.35,0.94
Transcorp,T19,TCHL.SI,1.347,1.554,,,Automobiles & Auto Parts,4,0,0,0,-37.5,-196.65,-106.75,,69.87,-59.32,0.81
Transit Concrete,570,TMCL.SI,5.637,8.671,,,Mineral Resources,51,0,-22.86,32.79,-49.06,-39.47,-23.46,,0.6,24.08,1.03
Travelite,BCZ,TRHL.SI,6.942,44.306,,,Retailers,62,0,-14.73,-2.65,-2.65,-0.16,-0.61,3.29,46.61,12.39,0.5
Trek 2000 Intl,5AB,TRKL.SI,18.151,41.508,,,Technology Equipment,-1,1.82,-22.22,-16.42,-33.33,-3.92,-2.67,,0,12.74,0.52
Trendlines,42T,THET.SI,86.24,7.795,,,Banking & Investment Services,77,1.87,3.81,25.29,34.57,-12.64,-0.51,733.11,3.46,-11.8,0.49
TrickleStar,CYW,TRIC.SI,24.538,20.586,63.37,,Industrial Goods,,-6.25,-34.78,-14.29,,1.21,,54.71,,13.11,
Tritech,5G9,TTGL.SI,15.118,34.778,,,Industrial & Commercial Services,71,6.67,-11.11,-52.94,-48.39,-15.57,-11.8,,60.34,9.97,0.53
Triyards,RC5,TRIY.SI,28.575,164.702,,,Energy - Fossil Fuels,46,,,,,-139.81,-114.28,,67.12,-64.23,0.28
TSH,KUH,TSHC.SI,4.879,7.802,7.98,,Cyclical Consumer Services,,-21.43,-45,-43.3,-48.84,7.63,9.63,2.46,1.39,18.62,
TT Intl,T09,TINL.SI,15.189,85.576,,,Retailers,20,,,,,-40.89,,,,-39.48,
TTJ,K1Q,TTJH.SI,55.3,85.146,16.93,2.53,Industrial & Commercial Services,40,38.6,-12.22,-24.76,-43.57,2.93,2.34,9.18,5.78,-1.26,0.74
Tuan Sing,T24,TSHS.SI,268.771,310.689,8.04,2.67,Real Estate,106,-10,-22.41,-32.84,-34.78,10.52,3.03,6.6,149.81,-7.56,0.39
Tung Lok Rest,540,TGLK.SI,38.416,80.576,,,Cyclical Consumer Services,63,-4.76,-6.67,-20,-15.15,-1.13,-6.56,7.21,15.82,-6.99,3.17
Tye Soon,BFU,TYES.SI,6.109,222.048,27.03,,Automobiles & Auto Parts,51,32.08,-33.96,-40.17,-48.15,0.13,0.43,1.17,149.91,2.75,0.17
UG Healthcare,41A,UGHE.SI,92.164,103.494,45.02,0.55,Healthcare Services,67,91.84,108.89,213.33,164.04,1.4,4.82,26.82,80.21,24.83,
UIC,U06,UICS.SI,3008.601,789.451,5.74,1.9,Real Estate,54,-7.08,-22.51,-28.08,-28.81,87.32,8.59,4.16,6.62,20.17,0.58
UMS,558,UMSH.SI,480.104,138.178,12.88,3.91,Technology Equipment,62,9.15,-0.56,-1.1,50.42,26.92,15.25,10.89,11.86,16.09,1.65
Uni-Asia Grp,CHJ,UAFC.SI,43.623,192.77,4.92,7.57,Real Estate,69,5.71,-15.27,-23.97,-26.97,4.86,4.63,0.79,142.03,10.33,0.32
Union Gas,1F2,UNIO.SI,58.37,78.801,6.93,3.53,Utilities,76,6.25,4.08,4.08,6.25,10.68,29.52,4.37,0,39.81,2.11
Union Steel,BLA,UNIS.SI,12.995,69.801,,,Mineral Resources,52,0,0,8.2,3.13,-6.85,-6.88,21.3,50.46,7.06,
United Food,AZR,UTDF.SI,7.892,6.06,,,Food & Beverages,32,2.44,2.44,-27.59,-61.82,-116.47,-12.78,,34.4,-60.01,0.54
United Global,43P,UNIT.SI,139.133,145.232,1.48,2.73,Energy - Fossil Fuels,72,-2.22,-7.37,-12,-10.2,64.94,95.14,1.45,20.01,-5.53,2.74
Universal Res,BGO,UNIV.SI,4.261,0.01,,,Energy - Fossil Fuels,41,,,,,-714990,-64.96,,0,-99.94,0.03
UnUsUaL,1D1,UNUS.SI,137.91,61.943,21.75,,Cyclical Consumer Services,51,-2.9,-29.1,-51.27,-56.07,10.24,11.31,16.73,7.54,8.8,6.42
UOA,EH5,UOS.AX,324.492,532.572,10.75,3.68,Real Estate,,-2.86,-15,-19.53,-1.45,26.29,6.05,2.2,8.81,-4.37,0.66
UOB,U11,UOBH.SI,32770.559,12556.828,7.68,5.64,Banking & Investment Services,111,-4.13,-20.34,-24.48,-18.38,41.7,10.99,6.88,83.04,12.72,1.08
UOB Kay Hian,U10,UOKH.SI,944.932,372.722,13.54,3.65,Banking & Investment Services,56,-4.17,-5.74,-7.26,-4.17,18.59,4.68,11.28,80.98,-0.6,0.65
UOI,U13,UOIS.SI,409.738,49.318,5.95,2.54,Insurance,86,0.45,-4.56,-4.56,-5.37,66.25,8.19,12.01,0.9,5.37,1.1
UOL,U14,UTOS.SI,5770.014,2283.341,12.05,2.56,Real Estate,74,0.15,-7.19,-11.86,0.15,29.73,4.87,6.64,48.95,-4.76,0.54
UOL  A,MKO,,,,,,,,,,,,,,,,,
USP Group,BRS,USPG.SI,6.819,38.695,,,Energy - Fossil Fuels,24,41.51,-37.5,-31.82,0,-1.5,-1.84,3.81,92.25,-14.06,0.12
UtdHampshReitUSD,ODBU,UNIE.SI,303.365,46.689,14.92,,Real Estate,,-2.38,,,,35.13,,,,,
Vallianz,WPC,VHLD.SI,34.121,260.514,,,Transportation,,10.91,-26.51,-27.38,-56.43,-74.92,-61.63,,110.69,-3.13,0.44
ValueMax,T6I,VAMG.SI,158.264,235.947,6.09,4.67,Banking & Investment Services,43,0,-8.06,-9.52,1.79,11.05,12.42,5.02,143.46,13.05,0.77
Valuetronics,BN2,VLUE.SI,280.982,507.435,7.3,5.71,Technology Equipment,60,0.78,2.38,-14,4.53,7.55,18.64,5.95,0,-2.69,1.62
Venture,V03,VENM.SI,4435.785,3633.431,12.21,4.58,Technology Equipment,77,-3.47,-6.99,-3.59,2.62,10,14.99,11.03,0.08,4.27,1.71
Versalink,40N,VERS.SI,20.115,15.255,,,Industrial & Commercial Services,59,0,0,0,33.04,-19.77,-14.29,,4.57,-19.88,0.94
Vibrant Group,BIP,VIBR.SI,78.869,131.236,2.93,3.54,Transportation,50,20.21,7.62,-8.87,-13.08,32.63,11.77,1.31,158.31,-53.34,0.47
VibroPower,BJD,VIBO.SI,6.765,11.027,,,Industrial Goods,47,6.96,3.36,15.96,6.3,-26.42,-18.98,,50.48,-28.97,0.24
VICOM,V01,VCOM.SI,699.385,103.703,24.62,4.87,Industrial & Commercial Services,101,-1.25,-0.25,3.82,19.73,27.85,20.14,19.27,0,3.64,3.48
Vicplas Intl,569,VICP.SI,57.875,90.232,9.28,4.39,Healthcare Services,51,14,8.57,18.75,29.55,6.83,10.67,5.54,16.23,25.29,0.76
Viking Offshore,557,VIKO.SI,4.427,22.16,,,Energy - Fossil Fuels,36,0,0,0,-20,-136.09,-155.04,,94.44,-20.06,0.19
Vividthree,OMK,VIVI.SI,16.701,10.223,5.18,,Cyclical Consumer Services,,-13.79,-39.76,-63.5,-71.43,31.57,13.28,4.46,0,58.49,3.68
Wee Hur,E3B,WHHL.SI,168.465,191.792,4.79,4.44,Industrial & Commercial Services,35,0,-14.29,-16.28,-14.29,18.21,9.13,3.09,49.56,-34.7,0.53
Willas-Array,BDR,0854.HK,144.852,,,11.76,Technology Equipment,73,-15,-11.92,-34.62,-48.48,,,,,,
Wilmar Intl,F34,WLIL.SI,25485.537,60434.406,14.04,3.14,Food & Beverages,91,11.48,0.25,-2.69,20.61,3.11,7.73,8.15,145.49,-4.17,0.9
Wilton Resources,5F7,WILT.SI,76.851,0.42,,,Mineral Resources,58,0,25,20,15.38,-6312.84,-147.61,,135.06,-49.07,4.59
Winas,5CN,WINA.SI,2.746,0,,,Industrial Goods,52,0,-50,-69.23,-56.67,,-2.37,,0,-100,0.06
Wing Tai,W05,WTHS.SI,1468.765,312.169,25.97,1.62,Real Estate,80,6.94,-5.13,-5.61,-8.42,20.18,1.78,18.17,22.95,-16.38,0.43
Wong Fong Ind,1A1,WONG.SI,32.9,54.537,14.52,2.71,Industrial Goods,68,12.9,-9.09,-20,-17.01,4.2,4.54,6.19,11.13,-3.4,0.78
World Class Gbl,1E6,WORL.SI,119.064,205.44,8.74,,Real Estate,67,8.33,-3.7,-13.33,-13.33,6.16,12.27,9.27,172.45,-53.52,1.65
World Precision,B49,WPML.SI,66,147.668,25.93,,Industrial Goods,56,-8.33,-5.71,-17.5,22.22,1.72,1.19,4.25,3.18,-20.21,0.26
XMH,BQF,XMHL.SI,8.016,76.491,,,Industrial Goods,58,0,-41.67,-51.72,-57.06,-6.45,-7.63,116.17,116.57,35.21,0.39
Y Ventures,1F1,YVEN.SI,17.454,35.004,,,Software & IT Services,28,22.58,-16.48,-29.63,-5,-6.84,-49.38,,85.51,37.77,10.33
Yamada Green Res,BJV,YAMR.SI,61.13,13.645,,,Food & Beverages,59,,,,,-26.97,-6.46,,3,-6.16,
Yanlord Land,Z25,YNLG.SI,2143.61,3702.861,3.2,,Real Estate,58,3.77,-5.17,-5.98,-9.09,27.79,12.58,2.01,166.73,-25,0.48
Yeo Hiap Seng,Y03,YHSS.SI,487.125,364.349,27.54,2.38,Food & Beverages,83,1.83,-1.71,-10.03,-6.57,4.86,2.83,14.6,0,4.51,0.77
YHI Intl,BPF,YHII.SI,90.612,448.207,6.99,7.16,Automobiles & Auto Parts,52,6.9,-3.13,-10.14,-11.43,2.85,5.09,2.96,33.01,-1.62,0.5
Yinda Infocomm,42F,YIND.SI,1.672,18.374,2.29,,Telecommunications Services,60,0,0,-26.67,-50,3.98,17.54,1.34,73.83,19.4,
Ying Li Intl,5DM,YING.SI,207.12,71.2,,,Real Estate,73,2.53,-19.8,-22.12,-42.14,-146.53,-15.35,,86,-51.53,0.39
Yoma Strategic,Z59,YOMA.SI,568.961,,,,Real Estate,102,28.79,-19.05,-28.17,-22.73,,,,67.66,,0.83
Yongmao,BKX,YNMH.SI,59.463,213.46,3.29,4.48,Industrial Goods,51,4.69,-27.17,-21.64,54.02,7.93,12.78,2.09,37.83,52.35,0.28
Yongnam,AXB,YNAM.SI,42.331,196.273,,,Industrial & Commercial Services,57,-4.71,-43.75,-46.36,-50.91,-27.87,-23.7,,55.19,21.57,0.39
Yorkshine,MR8,YORK.SI,94.575,33.509,,,Mineral Resources,40,,,,,138.67,,1.88,,1742.79,
Yunnan Energy,T43,1298.HK,501.295,311.473,,,Technology Equipment,43,-4.21,-33.33,-35.92,-20.87,-6.35,-6.82,,8.9,-51.14,3.13
YuuZoo Networks,AFC,YUUZ.SI,30.915,15.733,,,Software & IT Services,-12,,,,,-18.51,,21.96,,-4.17,
YZJ Shipbldg CNY,SO7,,,,,,,,,,,,,,,,,
YZJ Shipbldg SGD,BS6,YAZG.SI,3735.632,4126.733,6.95,4.79,Industrial Goods,68,-4.57,-0.53,-8.74,-31.88,13.79,8.58,5.66,16.19,-15.32,0.94
Zheneng Jinjiang,BWM,ZHEN.SI,625.231,758.338,20.39,,Industrial & Commercial Services,75,-8.51,-15.69,-28.33,-27.12,4.27,2.74,4.96,123.15,26.13,0.61
Zhongmin Baihui,5SR,ZBRG.SI,124.663,208.475,11.77,4.72,Retailers,59,0,7.63,4.96,-14.19,4.97,27.5,4.83,0,8.68,
Zhongxin Fruit,5EG,ZHON.SI,5.277,38.287,3.7,,Food & Beverages,50,-28.57,-28.57,-28.57,66.67,3.72,8.72,3.22,73.32,66.21,
ZICO Hldgs,40W,ZICO.SI,41.698,25.371,,,Banking & Investment Services,60,-12.41,-14.19,10.43,-10.56,-10.09,-6.73,33.09,51.71,-13.61,1.16